name,link_id,osm_way_id,from_node_id,to_node_id,dir_flag,length,lanes,free_speed,capacity,link_type_name,link_type,geometry,allowed_uses,from_biway,is_link,VDF_fftt1,VDF_cap1
Eden Avenue,0,4352821,0,1,1,191.37,1,,,residential,6,"LINESTRING (-118.2235745 34.1526513, -118.2226377 34.1523602, -118.2225992 34.1523536, -118.2225607 34.1523532, -118.2225292 34.1523633, -118.2225023 34.1523784, -118.2224433 34.1524471, -118.2223585 34.1525503, -118.2223425 34.1525647, -118.2223248 34.1525765, -118.2222873 34.1525932, -118.2222656 34.1526005, -118.2222431 34.1526072, -118.2222210 34.1526102, -118.2217097 34.1526212, -118.2217000 34.1526233)",auto,1,0,,
Eden Avenue,1,4352821,1,0,1,191.37,1,,,residential,6,"LINESTRING (-118.2217000 34.1526233, -118.2217097 34.1526212, -118.2222210 34.1526102, -118.2222431 34.1526072, -118.2222656 34.1526005, -118.2222873 34.1525932, -118.2223248 34.1525765, -118.2223425 34.1525647, -118.2223585 34.1525503, -118.2224433 34.1524471, -118.2225023 34.1523784, -118.2225292 34.1523633, -118.2225607 34.1523532, -118.2225992 34.1523536, -118.2226377 34.1523602, -118.2235745 34.1526513)",auto,1,0,,
Lockhaven Avenue,2,4397290,2,3,1,18.25,,,,residential,6,"LINESTRING (-118.2239610 34.1402646, -118.2239606 34.1401834, -118.2239601 34.1401000)",auto,1,0,,
Lockhaven Avenue,3,4397290,3,2,1,18.25,,,,residential,6,"LINESTRING (-118.2239601 34.1401000, -118.2239606 34.1401834, -118.2239610 34.1402646)",auto,1,0,,
El Verano Avenue,4,13341506,4,5,1,83.46,,,,residential,6,"LINESTRING (-118.2259896 34.1428660, -118.2259650 34.1434537, -118.2259789 34.1435430, -118.2260085 34.1436134)",auto,1,0,,
El Verano Avenue,5,13341506,5,4,1,83.46,,,,residential,6,"LINESTRING (-118.2260085 34.1436134, -118.2259789 34.1435430, -118.2259650 34.1434537, -118.2259896 34.1428660)",auto,1,0,,
Sinclair Avenue,6,13455826,6,7,1,212.99,,,,residential,6,"LINESTRING (-118.2322237 34.1461681, -118.2322245 34.1462871, -118.2322323 34.1474029, -118.2322331 34.1474925, -118.2322364 34.1479632, -118.2323364 34.1480575)",auto,1,0,,
Sinclair Avenue,7,13455826,7,6,1,212.99,,,,residential,6,"LINESTRING (-118.2323364 34.1480575, -118.2322364 34.1479632, -118.2322331 34.1474925, -118.2322323 34.1474029, -118.2322245 34.1462871, -118.2322237 34.1461681)",auto,1,0,,
Mount Carmel Drive,8,32239351,8,0,1,16.51,,,,residential,6,"LINESTRING (-118.2235653 34.1528000, -118.2235745 34.1526513)",auto,1,0,,
Mount Carmel Drive,9,32239351,0,8,1,16.51,,,,residential,6,"LINESTRING (-118.2235745 34.1526513, -118.2235653 34.1528000)",auto,1,0,,
Mount Carmel Drive,10,32239351,0,9,1,91.21,,,,residential,6,"LINESTRING (-118.2235745 34.1526513, -118.2236326 34.1518301)",auto,1,0,,
Mount Carmel Drive,11,32239351,9,0,1,91.21,,,,residential,6,"LINESTRING (-118.2236326 34.1518301, -118.2235745 34.1526513)",auto,1,0,,
Mount Carmel Drive,12,32239351,9,10,1,244.88,,,,residential,6,"LINESTRING (-118.2236326 34.1518301, -118.2239771 34.1507033, -118.2241615 34.1501110, -118.2241887 34.1500255, -118.2242331 34.1499432, -118.2242897 34.1498887, -118.2243681 34.1498454, -118.2244309 34.1498143, -118.2244841 34.1498107)",auto,1,0,,
Mount Carmel Drive,13,32239351,10,9,1,244.88,,,,residential,6,"LINESTRING (-118.2244841 34.1498107, -118.2244309 34.1498143, -118.2243681 34.1498454, -118.2242897 34.1498887, -118.2242331 34.1499432, -118.2241887 34.1500255, -118.2241615 34.1501110, -118.2239771 34.1507033, -118.2236326 34.1518301)",auto,1,0,,
,14,32239353,11,12,1,41.65,2,,,motorway,1,"LINESTRING (-118.2314107 34.1483376, -118.2310193 34.1481500)",auto,0,1,,
,15,32239356,13,14,1,63.95,1,,,motorway,1,"LINESTRING (-118.2247860 34.1525080, -118.2250082 34.1519616)",auto,0,1,,
,16,32239357,15,16,1,215.76,2,,,motorway,1,"LINESTRING (-118.2248480 34.1498901, -118.2248255 34.1500005, -118.2248224 34.1500157, -118.2247244 34.1505306, -118.2246822 34.1507993, -118.2246371 34.1512416, -118.2245950 34.1515171, -118.2245342 34.1518175)",auto,0,1,,
,17,32239359,17,18,1,234.19,1,,,motorway,1,"LINESTRING (-118.2260640 34.1469944, -118.2255387 34.1481417, -118.2251819 34.1489749)",auto,0,1,,
,18,32239360,19,20,1,80.44,2,,,motorway,1,"LINESTRING (-118.2257926 34.1501661, -118.2258080 34.1500690, -118.2259064 34.1494468)",auto,0,1,,
,19,32239361,21,22,1,158.38,1,,,motorway,1,"LINESTRING (-118.2288440 34.1466505, -118.2280823 34.1461459, -118.2279234 34.1460351, -118.2277947 34.1459285, -118.2276831 34.1458220, -118.2275801 34.1456941)",auto,0,1,,
,20,32239363,23,24,1,457.8,2,104,,motorway,1,"LINESTRING (-118.2258378 34.1459570, -118.2261624 34.1457863, -118.2265502 34.1455450, -118.2267705 34.1453843, -118.2269583 34.1452023, -118.2271353 34.1449981, -118.2273338 34.1446873, -118.2275215 34.1443543, -118.2276342 34.1440968, -118.2277307 34.1437327, -118.2278058 34.1432133, -118.2279146 34.1424367)",auto,0,1,,
,21,32239364,25,26,1,511.3,1,,,motorway,1,"LINESTRING (-118.2217000 34.1460587, -118.2221899 34.1462344, -118.2225233 34.1463704, -118.2228539 34.1465498, -118.2232839 34.1468446, -118.2237654 34.1473275, -118.2240074 34.1476206, -118.2241687 34.1478708, -118.2243078 34.1481754, -118.2244215 34.1485394, -118.2245040 34.1488812, -118.2245345 34.1492432, -118.2245246 34.1496303)",auto,0,1,,
,22,32239365,27,28,1,134.87,1,,,motorway,1,"LINESTRING (-118.2272110 34.1430516, -118.2267692 34.1442112)",auto,0,1,,
,23,32239368,29,30,1,339.86,2,,,motorway,1,"LINESTRING (-118.2289600 34.1482296, -118.2301105 34.1487272, -118.2314091 34.1492665, -118.2322303 34.1496437)",auto,0,1,,
,24,32239370,31,32,1,266.27,2,,,motorway,1,"LINESTRING (-118.2322278 34.1492560, -118.2313586 34.1485906, -118.2307263 34.1481776, -118.2299902 34.1477431)",auto,0,1,,
,25,32239374,33,34,1,253.51,2,104,,motorway,1,"LINESTRING (-118.2280000 34.1402732, -118.2271510 34.1424478)",auto,0,1,,
,26,32239376,35,36,1,165.66,2,,,motorway,1,"LINESTRING (-118.2281123 34.1427674, -118.2282582 34.1421494, -118.2284298 34.1412970)",auto,0,1,,
,27,32239846,37,38,1,5.25,2,80,,motorway,1,"LINESTRING (-118.2250313 34.1528000, -118.2250488 34.1527549)",auto,0,1,,
,28,32239873,39,40,1,50.92,2,,,motorway,1,"LINESTRING (-118.2241362 34.1523461, -118.2240519 34.1528000)",auto,0,1,,
,29,32239878,41,39,1,83.1,2,,,motorway,1,"LINESTRING (-118.2242764 34.1516058, -118.2241362 34.1523461)",auto,0,1,,
,30,32239886,16,42,1,64.4,1,,,motorway,1,"LINESTRING (-118.2245342 34.1518175, -118.2243896 34.1523857)",auto,0,1,,
Glendale Freeway,31,32239891,43,44,1,64.23,4,104,,motorway,1,"LINESTRING (-118.2246550 34.1518558, -118.2244957 34.1524197)",auto,0,0,,
,32,32239913,45,19,1,81.49,2,,,motorway,1,"LINESTRING (-118.2254834 34.1508546, -118.2257472 34.1502672, -118.2257926 34.1501661)",auto,0,1,,
,33,32239917,38,46,1,20.88,2,,,motorway,1,"LINESTRING (-118.2250488 34.1527549, -118.2251181 34.1525756)",auto,0,1,,
,34,32239923,47,48,1,199.31,1,,,motorway,1,"LINESTRING (-118.2253965 34.1520688, -118.2256112 34.1516355, -118.2262014 34.1504392, -118.2262181 34.1504061)",auto,0,1,,
,35,32239925,38,49,1,20.58,1,,,motorway,1,"LINESTRING (-118.2250488 34.1527549, -118.2251383 34.1525849)",auto,0,1,,
,36,32239931,50,51,1,199.21,2,,,motorway,1,"LINESTRING (-118.2253173 34.1520446, -118.2253858 34.1517910, -118.2259398 34.1503561, -118.2259507 34.1503278)",auto,0,1,,
Holly Drive,37,32239957,52,19,1,10.71,,,,secondary,4,"LINESTRING (-118.2259016 34.1501996, -118.2257926 34.1501661)",auto,1,0,,
Holly Drive,38,32239957,19,52,1,10.71,,,,secondary,4,"LINESTRING (-118.2257926 34.1501661, -118.2259016 34.1501996)",auto,1,0,,
Holly Drive,39,32239960,53,54,1,66.91,,,,secondary,4,"LINESTRING (-118.2256564 34.1501241, -118.2249705 34.1499268)",auto,1,0,,
Holly Drive,40,32239960,54,53,1,66.91,,,,secondary,4,"LINESTRING (-118.2249705 34.1499268, -118.2256564 34.1501241)",auto,1,0,,
Holly Drive,41,32239984,52,55,1,61.59,,,,secondary,4,"LINESTRING (-118.2259016 34.1501996, -118.2265320 34.1503837)",auto,1,0,,
Holly Drive,42,32239984,55,52,1,61.59,,,,secondary,4,"LINESTRING (-118.2265320 34.1503837, -118.2259016 34.1501996)",auto,1,0,,
Holly Drive,43,32239985,55,56,1,21.57,,,,secondary,4,"LINESTRING (-118.2265320 34.1503837, -118.2266336 34.1504312, -118.2267359 34.1504791)",auto,1,0,,
Holly Drive,44,32239985,56,55,1,21.57,,,,secondary,4,"LINESTRING (-118.2267359 34.1504791, -118.2266336 34.1504312, -118.2265320 34.1503837)",auto,1,0,,
,45,32239994,57,41,1,103.43,2,,,motorway,1,"LINESTRING (-118.2244615 34.1506858, -118.2242764 34.1516058)",auto,0,1,,
,46,32240024,12,58,1,659.48,2,,,motorway,1,"LINESTRING (-118.2310193 34.1481500, -118.2305111 34.1478803, -118.2301170 34.1476950, -118.2297605 34.1475590, -118.2293474 34.1474170, -118.2289934 34.1473326, -118.2286349 34.1472883, -118.2283296 34.1472750, -118.2280257 34.1472928, -118.2277623 34.1473179, -118.2274804 34.1473578, -118.2272071 34.1474195, -118.2268954 34.1475086, -118.2265412 34.1476470, -118.2261955 34.1478291, -118.2258395 34.1480759, -118.2255425 34.1483099, -118.2253430 34.1485139, -118.2251852 34.1486919, -118.2250834 34.1488608, -118.2249621 34.1490623)",auto,0,1,,
,47,32240047,11,59,1,30.23,2,,,motorway,1,"LINESTRING (-118.2314107 34.1483376, -118.2311623 34.1481596)",auto,0,1,,
,48,32240049,60,21,1,163.59,1,,,motorway,1,"LINESTRING (-118.2302411 34.1475601, -118.2288440 34.1466505)",auto,0,1,,
Ventura Freeway,49,32240055,61,62,1,197.29,5,104,,motorway,1,"LINESTRING (-118.2286115 34.1474803, -118.2277004 34.1471168, -118.2266652 34.1467412)",auto,0,0,,
Ventura Freeway,50,32240058,63,61,1,52.84,5,104,,motorway,1,"LINESTRING (-118.2291218 34.1476974, -118.2286115 34.1474803)",auto,0,0,,
Ventura Freeway,51,32240062,64,65,1,47.29,5,104,,motorway,1,"LINESTRING (-118.2285029 34.1476747, -118.2289612 34.1478662)",auto,0,0,,
Ventura Freeway,52,32240064,65,66,1,297.08,5,104,,motorway,1,"LINESTRING (-118.2289612 34.1478662, -118.2296988 34.1481972, -118.2304331 34.1485432, -118.2310965 34.1488846, -118.2314268 34.1490629, -118.2317344 34.1492284)",auto,0,0,,
Ventura Freeway,53,32240064,66,67,1,58.45,5,104,,motorway,1,"LINESTRING (-118.2317344 34.1492284, -118.2322575 34.1495263)",auto,0,0,,
,54,32240074,68,69,1,119.96,2,,,motorway,1,"LINESTRING (-118.2275453 34.1476122, -118.2287573 34.1480061)",auto,0,1,,
,55,32240077,69,66,1,306.43,1,,,motorway,1,"LINESTRING (-118.2287573 34.1480061, -118.2294720 34.1482421, -118.2299384 34.1484268, -118.2303834 34.1486265, -118.2317344 34.1492284)",auto,0,1,,
,56,32240114,70,71,1,88.4,2,,,motorway,1,"LINESTRING (-118.2256173 34.1469767, -118.2265099 34.1472679)",auto,0,1,,
,57,32240128,71,68,1,102.8,2,,,motorway,1,"LINESTRING (-118.2265099 34.1472679, -118.2275453 34.1476122)",auto,0,1,,
,58,32240144,72,73,1,81.35,1,,,motorway,1,"LINESTRING (-118.2248869 34.1464056, -118.2253008 34.1465687, -118.2256807 34.1467259)",auto,0,1,,
,59,32240146,73,74,1,88.09,1,,,motorway,1,"LINESTRING (-118.2256807 34.1467259, -118.2265381 34.1470766)",auto,0,1,,
Ventura Freeway,60,32240162,75,64,1,194.97,5,104,,motorway,1,"LINESTRING (-118.2265778 34.1469477, -118.2274827 34.1472678, -118.2285029 34.1476747)",auto,0,0,,
Ventura Freeway,61,32240166,76,75,1,89.44,5,104,,motorway,1,"LINESTRING (-118.2256793 34.1466438, -118.2260620 34.1467646, -118.2265778 34.1469477)",auto,0,0,,
Ventura Freeway,62,32240184,77,78,1,87.85,5,104,,motorway,1,"LINESTRING (-118.2257225 34.1464350, -118.2248245 34.1461698)",auto,0,0,,
Ventura Freeway,63,32240190,62,77,1,93.31,5,104,,motorway,1,"LINESTRING (-118.2266652 34.1467412, -118.2262753 34.1466098, -118.2257225 34.1464350)",auto,0,0,,
,64,32240211,79,80,1,63.38,1,,,motorway,1,"LINESTRING (-118.2257313 34.1462572, -118.2250697 34.1461018)",auto,0,1,,
,65,32240213,81,79,1,90.79,2,,,motorway,1,"LINESTRING (-118.2266758 34.1464890, -118.2257313 34.1462572)",auto,0,1,,
,66,32240226,82,83,1,227.03,2,,,motorway,1,"LINESTRING (-118.2266520 34.1475260, -118.2266257 34.1474290, -118.2265956 34.1473357, -118.2265534 34.1472225, -118.2265052 34.1471057, -118.2264467 34.1469946, -118.2263994 34.1469098, -118.2263254 34.1467944, -118.2262522 34.1466940, -118.2261378 34.1465537, -118.2260250 34.1464412, -118.2259045 34.1463258, -118.2258090 34.1462453, -118.2257118 34.1461712, -118.2255999 34.1460943, -118.2254665 34.1460131, -118.2253778 34.1459611, -118.2252694 34.1459041)",auto,0,1,,
,67,32240240,84,85,1,39.86,2,,,motorway,1,"LINESTRING (-118.2277567 34.1489069, -118.2278715 34.1488576, -118.2280331 34.1487990, -118.2281536 34.1487661)",auto,0,1,,
,68,32240282,86,11,1,170.28,2,,,motorway,1,"LINESTRING (-118.2328537 34.1492962, -118.2322991 34.1489219, -118.2314107 34.1483376)",auto,0,1,,
,69,32240289,87,86,1,154.48,2,,,motorway,1,"LINESTRING (-118.2341000 34.1502274, -118.2337061 34.1499228, -118.2328537 34.1492962)",auto,0,1,,
Ventura Freeway,70,32240291,31,63,1,334.65,5,104,,motorway,1,"LINESTRING (-118.2322278 34.1492560, -118.2309987 34.1485843, -118.2304898 34.1483309, -118.2299327 34.1480611, -118.2291218 34.1476974)",auto,0,0,,
Ventura Freeway,71,32240295,88,31,1,52.49,5,104,,motorway,1,"LINESTRING (-118.2326874 34.1495355, -118.2322278 34.1492560)",auto,0,0,,
Ventura Freeway,72,32240306,67,89,1,52.17,5,,,motorway,1,"LINESTRING (-118.2322575 34.1495263, -118.2327128 34.1498058)",auto,0,0,,
Ventura Freeway,73,32240308,89,90,1,111.15,5,,,motorway,1,"LINESTRING (-118.2327128 34.1498058, -118.2336735 34.1504116)",auto,0,0,,
,74,32240309,91,92,1,51.45,2,,,motorway,1,"LINESTRING (-118.2322495 34.1498329, -118.2327196 34.1500830)",auto,0,1,,
,75,32240312,92,93,1,156.88,2,,,motorway,1,"LINESTRING (-118.2327196 34.1500830, -118.2341000 34.1509105)",auto,0,1,,
Ventura Freeway,76,32240364,94,88,1,164.13,5,104,,motorway,1,"LINESTRING (-118.2341000 34.1504355, -118.2337054 34.1501588, -118.2326874 34.1495355)",auto,0,0,,
,77,32240417,83,95,1,188.66,2,,,motorway,1,"LINESTRING (-118.2252694 34.1459041, -118.2251076 34.1458329, -118.2249527 34.1457724, -118.2248210 34.1457303, -118.2246274 34.1456791, -118.2244252 34.1456342, -118.2240379 34.1455793, -118.2236411 34.1455295, -118.2233176 34.1454853, -118.2233012 34.1454831)",auto,0,1,,
,78,32245655,96,97,1,228.22,2,104,,motorway,1,"LINESTRING (-118.2217000 34.1459309, -118.2230139 34.1461772, -118.2232628 34.1462269, -118.2234431 34.1462553, -118.2236319 34.1462766, -118.2238551 34.1462908, -118.2241297 34.1462979)",auto,0,1,,
,79,32245658,97,98,1,120.1,2,104,,motorway,1,"LINESTRING (-118.2241297 34.1462979, -118.2244216 34.1462766, -118.2247391 34.1462411, -118.2251082 34.1461772, -118.2254086 34.1461061)",auto,0,1,,
,80,32319229,98,23,1,42.89,2,104,,motorway,1,"LINESTRING (-118.2254086 34.1461061, -118.2256232 34.1460351, -118.2258378 34.1459570)",auto,0,1,,
,81,32319246,24,99,1,233.76,2,104,,motorway,1,"LINESTRING (-118.2279146 34.1424367, -118.2280543 34.1415966, -118.2282649 34.1403487)",auto,0,1,,
,82,32319254,22,100,1,139.62,1,,,motorway,1,"LINESTRING (-118.2275801 34.1456941, -118.2275286 34.1456231, -118.2274342 34.1454668, -118.2273655 34.1453105, -118.2273055 34.1451472, -118.2272711 34.1449980, -118.2272540 34.1448346, -118.2272540 34.1446215, -118.2272625 34.1444865)",auto,0,1,,
,83,32319263,100,101,1,147.67,1,,,motorway,1,"LINESTRING (-118.2272625 34.1444865, -118.2273055 34.1441242, -118.2273913 34.1436909, -118.2275077 34.1431712)",auto,0,1,,
Glendale Freeway,84,32319279,102,27,1,63.25,4,104,,motorway,1,"LINESTRING (-118.2273741 34.1424975, -118.2272110 34.1430516)",auto,0,0,,
Glendale Freeway,85,32319280,27,103,1,140.11,4,104,,motorway,1,"LINESTRING (-118.2272110 34.1430516, -118.2268969 34.1441197, -118.2268501 34.1442791)",auto,0,0,,
,86,32319288,101,104,1,78.91,1,,,motorway,1,"LINESTRING (-118.2275077 34.1431712, -118.2276917 34.1424762)",auto,0,1,,
,87,32319295,104,105,1,75.38,1,104,,motorway,1,"LINESTRING (-118.2276917 34.1424762, -118.2278312 34.1418063)",auto,0,1,,
,88,32319300,34,106,1,80.28,2,104,,motorway,1,"LINESTRING (-118.2271510 34.1424478, -118.2268528 34.1431280)",auto,0,1,,
,89,32319301,106,107,1,91.72,2,104,,motorway,1,"LINESTRING (-118.2268528 34.1431280, -118.2265587 34.1439182)",auto,0,1,,
,90,32319316,36,108,1,134.16,1,,,motorway,1,"LINESTRING (-118.2284298 34.1412970, -118.2286428 34.1401000)",auto,0,1,,
,91,32319365,109,110,1,437.89,2,104,,motorway,1,"LINESTRING (-118.2261970 34.1444997, -118.2260979 34.1445943, -118.2259804 34.1446871, -118.2258699 34.1447662, -118.2257617 34.1448276, -118.2256391 34.1448992, -118.2255006 34.1449717, -118.2253615 34.1450215, -118.2252152 34.1450658, -118.2250632 34.1451121, -118.2248945 34.1451505, -118.2247384 34.1451715, -118.2245771 34.1451828, -118.2243909 34.1451783, -118.2240310 34.1451636, -118.2217000 34.1450361)",auto,0,1,,
,92,32319386,107,109,1,72.99,2,104,,motorway,1,"LINESTRING (-118.2265587 34.1439182, -118.2264987 34.1440532, -118.2264300 34.1441811, -118.2263613 34.1443018, -118.2262822 34.1444069, -118.2261970 34.1444997)",auto,0,1,,
Holly Drive,93,33604834,10,111,1,8.08,,,,tertiary,5,"LINESTRING (-118.2244841 34.1498107, -118.2245717 34.1498127)",auto,1,0,,
Holly Drive,94,33604834,111,10,1,8.08,,,,tertiary,5,"LINESTRING (-118.2245717 34.1498127, -118.2244841 34.1498107)",auto,1,0,,
,95,33604892,26,57,1,117.18,2,,,motorway,1,"LINESTRING (-118.2245246 34.1496303, -118.2245021 34.1500097, -118.2244615 34.1506858)",auto,0,1,,
,96,33604910,112,82,1,256.2,2,,,motorway,1,"LINESTRING (-118.2261662 34.1497701, -118.2264257 34.1490915, -118.2265247 34.1488437, -118.2265970 34.1486321, -118.2266374 34.1484961, -118.2266684 34.1483722, -118.2266891 34.1482475, -118.2267028 34.1480901, -118.2267037 34.1479384, -118.2266951 34.1477618, -118.2266658 34.1475809, -118.2266520 34.1475260)",auto,0,1,,
Glendale Freeway,97,36040740,105,99,1,166.5,4,104,,motorway,1,"LINESTRING (-118.2278312 34.1418063, -118.2281308 34.1407684, -118.2282649 34.1403487)",auto,0,0,,
Glendale Freeway,98,36040741,113,114,1,78.73,4,104,,motorway,1,"LINESTRING (-118.2274342 34.1431582, -118.2276402 34.1424691)",auto,0,0,,
Glendale Freeway,99,36040742,115,116,1,124.17,4,104,,motorway,1,"LINESTRING (-118.2259849 34.1481328, -118.2262948 34.1470430)",auto,0,0,,
Glendale Freeway,100,36040742,116,117,1,238.83,4,104,,motorway,1,"LINESTRING (-118.2262948 34.1470430, -118.2265404 34.1462087, -118.2267839 34.1454239, -118.2269013 34.1449493)",auto,0,0,,
Glendale Freeway,101,36040744,118,119,1,63.61,4,104,,motorway,1,"LINESTRING (-118.2247211 34.1524886, -118.2248846 34.1519313)",auto,0,0,,
Glendale Freeway,102,46861309,117,120,1,60.53,4,104,,motorway,1,"LINESTRING (-118.2269013 34.1449493, -118.2270508 34.1444177)",auto,0,0,,
,103,46861310,28,121,1,55.08,1,,,motorway,1,"LINESTRING (-118.2267692 34.1442112, -118.2265644 34.1446779)",auto,0,1,,
,104,46861311,121,70,1,686.27,2,,,motorway,1,"LINESTRING (-118.2265644 34.1446779, -118.2263132 34.1451969, -118.2262058 34.1454747, -118.2260325 34.1460491, -118.2257970 34.1468293, -118.2257068 34.1471548, -118.2256350 34.1474396, -118.2255804 34.1475979, -118.2254981 34.1477250, -118.2254259 34.1478058, -118.2253186 34.1478756, -118.2252248 34.1479212, -118.2250933 34.1479612, -118.2249458 34.1479767, -118.2248117 34.1479678, -118.2246803 34.1479367, -118.2245704 34.1478898, -118.2244791 34.1478368, -118.2243745 34.1477547, -118.2243096 34.1476647, -118.2242618 34.1475705, -118.2242350 34.1474684, -118.2242213 34.1473725, -118.2242493 34.1472460, -118.2243043 34.1471124, -118.2243772 34.1470089, -118.2244711 34.1469356, -118.2245667 34.1468799, -118.2247069 34.1468244, -118.2248895 34.1467935, -118.2250370 34.1468024, -118.2251684 34.1468313, -118.2252878 34.1468659, -118.2256173 34.1469767)",auto,0,1,,
Glendale Freeway,105,46861312,103,122,1,57.72,4,104,,motorway,1,"LINESTRING (-118.2268501 34.1442791, -118.2267055 34.1447856)",auto,0,0,,
Glendale Freeway,106,46861313,122,17,1,251.95,4,104,,motorway,1,"LINESTRING (-118.2267055 34.1447856, -118.2260640 34.1469944)",auto,0,0,,
Glendale Freeway,107,46861314,120,113,1,144.06,4,104,,motorway,1,"LINESTRING (-118.2270508 34.1444177, -118.2274342 34.1431582)",auto,0,0,,
,108,46861478,123,13,1,34.35,1,,,motorway,1,"LINESTRING (-118.2246616 34.1528000, -118.2247860 34.1525080)",auto,0,1,,
,109,46861479,42,124,1,46.45,1,,,motorway,1,"LINESTRING (-118.2243896 34.1523857, -118.2243145 34.1528000)",auto,0,1,,
,110,119257902,30,125,1,52.39,1,,,motorway,1,"LINESTRING (-118.2322303 34.1496437, -118.2327192 34.1498846)",auto,0,1,,
,111,119883128,58,57,1,186.46,2,,,motorway,1,"LINESTRING (-118.2249621 34.1490623, -118.2248233 34.1493290, -118.2247167 34.1496414, -118.2246442 34.1500200, -118.2244615 34.1506858)",auto,0,1,,
,112,120232243,125,90,1,105.61,1,,,motorway,1,"LINESTRING (-118.2327192 34.1498846, -118.2336735 34.1504116)",auto,0,1,,
Glendale Freeway,113,123461838,33,102,1,253.3,4,104,,motorway,1,"LINESTRING (-118.2280000 34.1402732, -118.2278033 34.1409994, -118.2273741 34.1424975)",auto,0,0,,
Langley Street,114,148369674,126,127,1,137.87,,,,residential,6,"LINESTRING (-118.2328718 34.1415071, -118.2328727 34.1421707, -118.2328742 34.1426483, -118.2328744 34.1427505)",auto,1,0,,
Langley Street,115,148369674,127,126,1,137.87,,,,residential,6,"LINESTRING (-118.2328744 34.1427505, -118.2328742 34.1426483, -118.2328727 34.1421707, -118.2328718 34.1415071)",auto,1,0,,
Glenoaks Boulevard,116,161776076,128,129,1,16.42,,,,tertiary,5,"LINESTRING (-118.2253222 34.1523548, -118.2251555 34.1523026)",auto,1,0,,
Glenoaks Boulevard,117,161776076,129,128,1,16.42,,,,tertiary,5,"LINESTRING (-118.2251555 34.1523026, -118.2253222 34.1523548)",auto,1,0,,
Broadway,118,161776081,130,131,1,228.78,,,,secondary,4,"LINESTRING (-118.2280870 34.1455175, -118.2279404 34.1454080, -118.2276364 34.1451782, -118.2262501 34.1441302)",auto,1,0,,
Broadway,119,161776081,131,130,1,228.78,,,,secondary,4,"LINESTRING (-118.2262501 34.1441302, -118.2276364 34.1451782, -118.2279404 34.1454080, -118.2280870 34.1455175)",auto,1,0,,
Broadway,120,161776090,132,133,1,96.14,,,,secondary,4,"LINESTRING (-118.2256372 34.1436582, -118.2254187 34.1434923, -118.2248925 34.1430923, -118.2248679 34.1430729)",auto,1,0,,
Broadway,121,161776090,133,132,1,96.14,,,,secondary,4,"LINESTRING (-118.2248679 34.1430729, -118.2248925 34.1430923, -118.2254187 34.1434923, -118.2256372 34.1436582)",auto,1,0,,
Broadway,122,161776090,133,134,1,63.52,,,,secondary,4,"LINESTRING (-118.2248679 34.1430729, -118.2247220 34.1429521, -118.2245245 34.1428030, -118.2243443 34.1427035)",auto,1,0,,
Broadway,123,161776090,134,133,1,63.52,,,,secondary,4,"LINESTRING (-118.2243443 34.1427035, -118.2245245 34.1428030, -118.2247220 34.1429521, -118.2248679 34.1430729)",auto,1,0,,
Live Oak View Drive,124,166899325,135,136,1,62.08,,,,residential,6,"LINESTRING (-118.2220011 34.1417232, -118.2219045 34.1418777, -118.2217000 34.1422240)",auto,1,0,,
Live Oak View Drive,125,166899325,136,135,1,62.08,,,,residential,6,"LINESTRING (-118.2217000 34.1422240, -118.2219045 34.1418777, -118.2220011 34.1417232)",auto,1,0,,
Loy Lane,126,166899334,137,138,1,67.1,,,,residential,6,"LINESTRING (-118.2228484 34.1407417, -118.2222588 34.1407426, -118.2222286 34.1407410, -118.2222014 34.1407330, -118.2221303 34.1407043)",auto,1,0,,
Loy Lane,127,166899334,138,137,1,67.1,,,,residential,6,"LINESTRING (-118.2221303 34.1407043, -118.2222014 34.1407330, -118.2222286 34.1407410, -118.2222588 34.1407426, -118.2228484 34.1407417)",auto,1,0,,
Loy Lane,128,166899334,138,139,1,44.04,,,,residential,6,"LINESTRING (-118.2221303 34.1407043, -118.2217000 34.1405318)",auto,1,0,,
Loy Lane,129,166899334,139,138,1,44.04,,,,residential,6,"LINESTRING (-118.2217000 34.1405318, -118.2221303 34.1407043)",auto,1,0,,
El Verano Avenue,130,166901257,140,141,1,128.79,,40,,residential,6,"LINESTRING (-118.2256996 34.1437061, -118.2256318 34.1438086, -118.2254061 34.1441919, -118.2251696 34.1445933, -118.2250992 34.1447537)",auto,1,0,,
El Verano Avenue,131,166901257,141,140,1,128.79,,40,,residential,6,"LINESTRING (-118.2250992 34.1447537, -118.2251696 34.1445933, -118.2254061 34.1441919, -118.2256318 34.1438086, -118.2256996 34.1437061)",auto,1,0,,
Las Flores Drive,132,166901258,142,143,1,89.83,,,,residential,6,"LINESTRING (-118.2237762 34.1447389, -118.2229044 34.1443771)",auto,1,0,,
Las Flores Drive,133,166901258,143,142,1,89.83,,,,residential,6,"LINESTRING (-118.2229044 34.1443771, -118.2237762 34.1447389)",auto,1,0,,
Las Flores Drive,134,166901258,143,144,1,100.3,,,,residential,6,"LINESTRING (-118.2229044 34.1443771, -118.2219310 34.1439731)",auto,1,0,,
Las Flores Drive,135,166901258,144,143,1,100.3,,,,residential,6,"LINESTRING (-118.2219310 34.1439731, -118.2229044 34.1443771)",auto,1,0,,
Las Flores Drive,136,166901258,144,145,1,23.8,,,,residential,6,"LINESTRING (-118.2219310 34.1439731, -118.2217000 34.1438772)",auto,1,0,,
Las Flores Drive,137,166901258,145,144,1,23.8,,,,residential,6,"LINESTRING (-118.2217000 34.1438772, -118.2219310 34.1439731)",auto,1,0,,
Lukens Place,138,166901262,146,147,1,97.12,,,,residential,6,"LINESTRING (-118.2334139 34.1480481, -118.2334145 34.1479474, -118.2334166 34.1475993, -118.2334192 34.1471722)",auto,1,0,,
Lukens Place,139,166901262,147,146,1,97.12,,,,residential,6,"LINESTRING (-118.2334192 34.1471722, -118.2334166 34.1475993, -118.2334145 34.1479474, -118.2334139 34.1480481)",auto,1,0,,
Lukens Place,140,166901262,147,148,1,111.04,,,,residential,6,"LINESTRING (-118.2334192 34.1471722, -118.2333994 34.1462819, -118.2333969 34.1461709)",auto,1,0,,
Lukens Place,141,166901262,148,147,1,111.04,,,,residential,6,"LINESTRING (-118.2333969 34.1461709, -118.2333994 34.1462819, -118.2334192 34.1471722)",auto,1,0,,
Colorado Boulevard,142,166901263,134,149,1,54.54,2,,,primary,3,"LINESTRING (-118.2243443 34.1427035, -118.2244902 34.1427390, -118.2246962 34.1427603, -118.2249280 34.1427674)",auto,1,0,,
Colorado Boulevard,143,166901263,149,134,1,54.54,2,,,primary,3,"LINESTRING (-118.2249280 34.1427674, -118.2246962 34.1427603, -118.2244902 34.1427390, -118.2243443 34.1427035)",auto,1,0,,
Eagle Dale Avenue,144,166901265,130,150,1,128.93,2,,,secondary,4,"LINESTRING (-118.2280870 34.1455175, -118.2280831 34.1453206, -118.2280837 34.1452660, -118.2280864 34.1450070, -118.2280917 34.1443548)",auto,0,0,,
Eagle Dale Avenue,145,166901265,150,151,1,100.76,2,,,secondary,4,"LINESTRING (-118.2280917 34.1443548, -118.2280982 34.1438340, -118.2281029 34.1434461)",auto,0,0,,
Carr Drive,146,166901266,152,153,1,191.17,,,,residential,6,"LINESTRING (-118.2295169 34.1461425, -118.2295165 34.1460693, -118.2295140 34.1456300, -118.2295128 34.1454192, -118.2295118 34.1452481, -118.2295072 34.1444184)",auto,1,0,,
Carr Drive,147,166901266,153,152,1,191.17,,,,residential,6,"LINESTRING (-118.2295072 34.1444184, -118.2295118 34.1452481, -118.2295128 34.1454192, -118.2295140 34.1456300, -118.2295165 34.1460693, -118.2295169 34.1461425)",auto,1,0,,
East Broadway,148,166901267,154,155,1,47.43,1,,,secondary,4,"LINESTRING (-118.2302980 34.1461786, -118.2297847 34.1461494)",auto,0,0,,
Sierra VIlla Drive,149,166901268,156,144,1,226.87,,,,residential,6,"LINESTRING (-118.2229453 34.1421210, -118.2229444 34.1422211, -118.2229281 34.1422844, -118.2228148 34.1424762, -118.2227450 34.1425944, -118.2219310 34.1439731)",auto,1,0,,
Sierra VIlla Drive,150,166901268,144,156,1,226.87,,,,residential,6,"LINESTRING (-118.2219310 34.1439731, -118.2227450 34.1425944, -118.2228148 34.1424762, -118.2229281 34.1422844, -118.2229444 34.1422211, -118.2229453 34.1421210)",auto,1,0,,
Sierra VIlla Drive,151,166901268,144,157,1,47.91,,,,residential,6,"LINESTRING (-118.2219310 34.1439731, -118.2217000 34.1443602)",auto,1,0,,
Sierra VIlla Drive,152,166901268,157,144,1,47.91,,,,residential,6,"LINESTRING (-118.2217000 34.1443602, -118.2219310 34.1439731)",auto,1,0,,
,153,166901269,158,159,1,72.38,2,,,secondary,4,"LINESTRING (-118.2265244 34.1427674, -118.2265069 34.1428156, -118.2262880 34.1433899)",auto,0,0,,
Sierra Villa Avenue,154,166901271,156,160,1,103.93,,,,residential,6,"LINESTRING (-118.2229453 34.1421210, -118.2229280 34.1418887, -118.2229063 34.1416742, -118.2228996 34.1416080, -118.2228944 34.1415647, -118.2228489 34.1411872)",auto,1,0,,
Sierra Villa Avenue,155,166901271,160,156,1,103.93,,,,residential,6,"LINESTRING (-118.2228489 34.1411872, -118.2228944 34.1415647, -118.2228996 34.1416080, -118.2229063 34.1416742, -118.2229280 34.1418887, -118.2229453 34.1421210)",auto,1,0,,
Sumner Avenue,156,166901272,133,142,1,214.77,,,,residential,6,"LINESTRING (-118.2248679 34.1430729, -118.2247934 34.1432163, -118.2247363 34.1433110, -118.2246039 34.1435307, -118.2239110 34.1446804, -118.2238878 34.1447180, -118.2238475 34.1447424, -118.2237762 34.1447389)",auto,1,0,,
Sumner Avenue,157,166901272,142,133,1,214.77,,,,residential,6,"LINESTRING (-118.2237762 34.1447389, -118.2238475 34.1447424, -118.2238878 34.1447180, -118.2239110 34.1446804, -118.2246039 34.1435307, -118.2247363 34.1433110, -118.2247934 34.1432163, -118.2248679 34.1430729)",auto,1,0,,
Stanley Avenue,158,166901273,161,162,1,151.98,,,,residential,6,"LINESTRING (-118.2341000 34.1490517, -118.2333321 34.1490472, -118.2324514 34.1490421)",auto,1,0,,
Stanley Avenue,159,166901273,162,161,1,151.98,,,,residential,6,"LINESTRING (-118.2324514 34.1490421, -118.2333321 34.1490472, -118.2341000 34.1490517)",auto,1,0,,
Lockhaven Avenue,160,166901274,163,143,1,35.57,,,,residential,6,"LINESTRING (-118.2227612 34.1446714, -118.2227949 34.1445417, -118.2229044 34.1443771)",auto,1,0,,
Lockhaven Avenue,161,166901274,143,163,1,35.57,,,,residential,6,"LINESTRING (-118.2229044 34.1443771, -118.2227949 34.1445417, -118.2227612 34.1446714)",auto,1,0,,
Lockhaven Avenue,162,166901274,143,164,1,226.13,,,,residential,6,"LINESTRING (-118.2229044 34.1443771, -118.2237097 34.1430374, -118.2240010 34.1425529)",auto,1,0,,
Lockhaven Avenue,163,166901274,164,143,1,226.13,,,,residential,6,"LINESTRING (-118.2240010 34.1425529, -118.2237097 34.1430374, -118.2229044 34.1443771)",auto,1,0,,
Dixon Street,164,167107222,165,126,1,79.94,,,,residential,6,"LINESTRING (-118.2337389 34.1415040, -118.2328718 34.1415071)",auto,1,0,,
Dixon Street,165,167107222,126,165,1,79.94,,,,residential,6,"LINESTRING (-118.2328718 34.1415071, -118.2337389 34.1415040)",auto,1,0,,
Dixon Street,166,167107222,126,166,1,92.07,,,,residential,6,"LINESTRING (-118.2328718 34.1415071, -118.2322116 34.1415131, -118.2318732 34.1415162)",auto,1,0,,
Dixon Street,167,167107222,166,126,1,92.07,,,,residential,6,"LINESTRING (-118.2318732 34.1415162, -118.2322116 34.1415131, -118.2328718 34.1415071)",auto,1,0,,
Dixon Street,168,167107222,166,167,1,218.99,,,,residential,6,"LINESTRING (-118.2318732 34.1415162, -118.2317012 34.1415171, -118.2316446 34.1415173, -118.2312935 34.1415191, -118.2309934 34.1415206, -118.2308596 34.1415213, -118.2308122 34.1415215, -118.2306443 34.1415223, -118.2305157 34.1415229, -118.2302406 34.1415243, -118.2294979 34.1415280)",auto,1,0,,
Dixon Street,169,167107222,167,166,1,218.99,,,,residential,6,"LINESTRING (-118.2294979 34.1415280, -118.2302406 34.1415243, -118.2305157 34.1415229, -118.2306443 34.1415223, -118.2308122 34.1415215, -118.2308596 34.1415213, -118.2309934 34.1415206, -118.2312935 34.1415191, -118.2316446 34.1415173, -118.2317012 34.1415171, -118.2318732 34.1415162)",auto,1,0,,
Orange Grove Avenue,170,167107226,168,169,1,121.54,,,,residential,6,"LINESTRING (-118.2310181 34.1436084, -118.2296998 34.1436028)",auto,1,0,,
Orange Grove Avenue,171,167107226,169,168,1,121.54,,,,residential,6,"LINESTRING (-118.2296998 34.1436028, -118.2310181 34.1436084)",auto,1,0,,
East Harvard Street,172,167107231,153,170,1,91.92,,,,residential,6,"LINESTRING (-118.2295072 34.1444184, -118.2295844 34.1443718, -118.2297035 34.1443665, -118.2304857 34.1443807)",auto,1,0,,
East Harvard Street,173,167107231,170,153,1,91.92,,,,residential,6,"LINESTRING (-118.2304857 34.1443807, -118.2297035 34.1443665, -118.2295844 34.1443718, -118.2295072 34.1444184)",auto,1,0,,
East Harvard Street,174,167107231,170,171,1,49.82,,,,residential,6,"LINESTRING (-118.2304857 34.1443807, -118.2308165 34.1443778, -118.2309456 34.1443606, -118.2310234 34.1443503)",auto,1,0,,
East Harvard Street,175,167107231,171,170,1,49.82,,,,residential,6,"LINESTRING (-118.2310234 34.1443503, -118.2309456 34.1443606, -118.2308165 34.1443778, -118.2304857 34.1443807)",auto,1,0,,
Lafayette Street,176,167107232,172,166,1,136.47,,,,residential,6,"LINESTRING (-118.2318656 34.1427470, -118.2318662 34.1426524, -118.2318663 34.1426003, -118.2318666 34.1425479, -118.2318678 34.1423556, -118.2318732 34.1415162)",auto,1,0,,
Lafayette Street,177,167107232,166,172,1,136.47,,,,residential,6,"LINESTRING (-118.2318732 34.1415162, -118.2318678 34.1423556, -118.2318666 34.1425479, -118.2318663 34.1426003, -118.2318662 34.1426524, -118.2318656 34.1427470)",auto,1,0,,
Campus Street,178,167107239,171,168,1,82.26,,,,residential,6,"LINESTRING (-118.2310234 34.1443503, -118.2310181 34.1436084)",auto,1,0,,
Campus Street,179,167107239,168,171,1,82.26,,,,residential,6,"LINESTRING (-118.2310181 34.1436084, -118.2310234 34.1443503)",auto,1,0,,
Campus Street,180,167107239,168,173,1,94.52,,,,residential,6,"LINESTRING (-118.2310181 34.1436084, -118.2310138 34.1433453, -118.2310360 34.1427563)",auto,1,0,,
Campus Street,181,167107239,173,168,1,94.52,,,,residential,6,"LINESTRING (-118.2310360 34.1427563, -118.2310138 34.1433453, -118.2310181 34.1436084)",auto,1,0,,
Rock Glen Avenue,182,167107243,174,175,1,63.02,,,,residential,6,"LINESTRING (-118.2295059 34.1402686, -118.2301894 34.1402742)",auto,1,0,,
Rock Glen Avenue,183,167107243,175,174,1,63.02,,,,residential,6,"LINESTRING (-118.2301894 34.1402742, -118.2295059 34.1402686)",auto,1,0,,
Rock Glen Avenue,184,167107243,175,176,1,311.92,,,,residential,6,"LINESTRING (-118.2301894 34.1402742, -118.2303796 34.1402743, -118.2305642 34.1402740, -118.2308832 34.1402736, -118.2312880 34.1402730, -118.2315432 34.1402726, -118.2318722 34.1402722, -118.2325468 34.1402712, -118.2327165 34.1402710, -118.2328705 34.1402708, -118.2335726 34.1402697)",auto,1,0,,
Rock Glen Avenue,185,167107243,176,175,1,311.92,,,,residential,6,"LINESTRING (-118.2335726 34.1402697, -118.2328705 34.1402708, -118.2327165 34.1402710, -118.2325468 34.1402712, -118.2318722 34.1402722, -118.2315432 34.1402726, -118.2312880 34.1402730, -118.2308832 34.1402736, -118.2305642 34.1402740, -118.2303796 34.1402743, -118.2301894 34.1402742)",auto,1,0,,
Maynard Street,186,167107251,177,170,1,197.91,,,,residential,6,"LINESTRING (-118.2305153 34.1461653, -118.2305141 34.1460462, -118.2304914 34.1453799, -118.2304878 34.1452759, -118.2304841 34.1445988, -118.2304853 34.1444417, -118.2304857 34.1443807)",auto,0,0,,
Barrington Way,187,167402622,178,147,1,62.77,,,,residential,6,"LINESTRING (-118.2341000 34.1471692, -118.2338477 34.1471703, -118.2336600 34.1471711, -118.2334192 34.1471722)",auto,1,0,,
Barrington Way,188,167402622,147,178,1,62.77,,,,residential,6,"LINESTRING (-118.2334192 34.1471722, -118.2336600 34.1471711, -118.2338477 34.1471703, -118.2341000 34.1471692)",auto,1,0,,
East California Avenue,189,167658498,179,180,1,117.1,,,,residential,6,"LINESTRING (-118.2335376 34.1509360, -118.2334974 34.1508349, -118.2329912 34.1505270, -118.2328230 34.1504518, -118.2327030 34.1504430, -118.2324995 34.1504407)",auto,1,0,,
East California Avenue,190,167658498,180,179,1,117.1,,,,residential,6,"LINESTRING (-118.2324995 34.1504407, -118.2327030 34.1504430, -118.2328230 34.1504518, -118.2329912 34.1505270, -118.2334974 34.1508349, -118.2335376 34.1509360)",auto,1,0,,
East Glenoaks Boulevard,191,167658500,181,182,1,24.4,,,,tertiary,5,"LINESTRING (-118.2260835 34.1525950, -118.2263315 34.1526719)",auto,1,0,,
East Glenoaks Boulevard,192,167658500,182,181,1,24.4,,,,tertiary,5,"LINESTRING (-118.2263315 34.1526719, -118.2260835 34.1525950)",auto,1,0,,
East Glenoaks Boulevard,193,167658500,182,183,1,41.31,,,,tertiary,5,"LINESTRING (-118.2263315 34.1526719, -118.2267523 34.1528000)",auto,1,0,,
East Glenoaks Boulevard,194,167658500,183,182,1,41.31,,,,tertiary,5,"LINESTRING (-118.2267523 34.1528000, -118.2263315 34.1526719)",auto,1,0,,
Harvey Drive,195,167659956,184,185,1,50.79,,,,secondary,4,"LINESTRING (-118.2282474 34.1484362, -118.2283520 34.1482930, -118.2285381 34.1480471)",auto,1,0,,
Harvey Drive,196,167659956,185,184,1,50.79,,,,secondary,4,"LINESTRING (-118.2285381 34.1480471, -118.2283520 34.1482930, -118.2282474 34.1484362)",auto,1,0,,
Harvey Drive,197,167659957,185,186,1,103.35,,,,secondary,4,"LINESTRING (-118.2285381 34.1480471, -118.2291345 34.1472579)",auto,1,0,,
Harvey Drive,198,167659957,186,185,1,103.35,,,,secondary,4,"LINESTRING (-118.2291345 34.1472579, -118.2285381 34.1480471)",auto,1,0,,
Hill Drive,199,167659959,181,187,1,86.17,,,,residential,6,"LINESTRING (-118.2260835 34.1525950, -118.2261396 34.1523528, -118.2262030 34.1520985, -118.2262148 34.1519722, -118.2262144 34.1519077, -118.2262058 34.1518284)",auto,0,0,,
Hill Drive,200,167659960,182,188,1,14.21,,,,residential,6,"LINESTRING (-118.2263315 34.1526719, -118.2263271 34.1528000)",auto,1,0,,
Hill Drive,201,167659960,188,182,1,14.21,,,,residential,6,"LINESTRING (-118.2263271 34.1528000, -118.2263315 34.1526719)",auto,1,0,,
Holly Drive,202,167659961,189,56,1,171.08,,,,residential,6,"LINESTRING (-118.2282089 34.1513323, -118.2279769 34.1512767, -118.2278060 34.1512325, -118.2277080 34.1511773, -118.2276453 34.1511033, -118.2276249 34.1510694, -118.2275813 34.1509971, -118.2274670 34.1508614, -118.2273784 34.1507973, -118.2270165 34.1506018, -118.2268801 34.1505422, -118.2267359 34.1504791)",auto,1,0,,
Holly Drive,203,167659961,56,189,1,171.08,,,,residential,6,"LINESTRING (-118.2267359 34.1504791, -118.2268801 34.1505422, -118.2270165 34.1506018, -118.2273784 34.1507973, -118.2274670 34.1508614, -118.2275813 34.1509971, -118.2276249 34.1510694, -118.2276453 34.1511033, -118.2277080 34.1511773, -118.2278060 34.1512325, -118.2279769 34.1512767, -118.2282089 34.1513323)",auto,1,0,,
Merrill Avenue,204,167659969,189,190,1,120.55,,,,residential,6,"LINESTRING (-118.2282089 34.1513323, -118.2283220 34.1513910, -118.2284223 34.1514719, -118.2285121 34.1515569, -118.2285613 34.1516520, -118.2285574 34.1516699, -118.2285425 34.1517379, -118.2283709 34.1522755)",auto,1,0,,
Merrill Avenue,205,167659969,190,189,1,120.55,,,,residential,6,"LINESTRING (-118.2283709 34.1522755, -118.2285425 34.1517379, -118.2285574 34.1516699, -118.2285613 34.1516520, -118.2285121 34.1515569, -118.2284223 34.1514719, -118.2283220 34.1513910, -118.2282089 34.1513323)",auto,1,0,,
Merrill Avenue,206,167659969,190,191,1,59.8,,,,residential,6,"LINESTRING (-118.2283709 34.1522755, -118.2282300 34.1527629, -118.2282198 34.1528000)",auto,1,0,,
Merrill Avenue,207,167659969,191,190,1,59.8,,,,residential,6,"LINESTRING (-118.2282198 34.1528000, -118.2282300 34.1527629, -118.2283709 34.1522755)",auto,1,0,,
Orchard Avenue,208,167659984,190,192,1,206.18,,,,residential,6,"LINESTRING (-118.2283709 34.1522755, -118.2283211 34.1522601, -118.2276050 34.1520382, -118.2267160 34.1517560, -118.2262699 34.1516394)",auto,1,0,,
Orchard Avenue,209,167659984,192,190,1,206.18,,,,residential,6,"LINESTRING (-118.2262699 34.1516394, -118.2267160 34.1517560, -118.2276050 34.1520382, -118.2283211 34.1522601, -118.2283709 34.1522755)",auto,1,0,,
Sinclair Avenue,210,167659988,193,180,1,48.15,,40,,residential,6,"LINESTRING (-118.2324926 34.1500065, -118.2324995 34.1504407)",auto,1,0,,
Sinclair Avenue,211,167659988,180,193,1,48.15,,40,,residential,6,"LINESTRING (-118.2324995 34.1504407, -118.2324926 34.1500065)",auto,1,0,,
Sinclair Avenue,212,167659988,180,194,1,169.38,,40,,residential,6,"LINESTRING (-118.2324995 34.1504407, -118.2325000 34.1506619, -118.2325014 34.1513696, -118.2325012 34.1514468, -118.2325024 34.1518390, -118.2325540 34.1519610)",auto,1,0,,
Sinclair Avenue,213,167659988,194,180,1,169.38,,40,,residential,6,"LINESTRING (-118.2325540 34.1519610, -118.2325024 34.1518390, -118.2325012 34.1514468, -118.2325014 34.1513696, -118.2325000 34.1506619, -118.2324995 34.1504407)",auto,1,0,,
Vallejo Drive,214,167659993,195,189,1,285.68,,,,residential,6,"LINESTRING (-118.2293104 34.1489468, -118.2292938 34.1490191, -118.2292919 34.1490274, -118.2292653 34.1491430, -118.2292568 34.1491799, -118.2292380 34.1492405, -118.2292289 34.1492697, -118.2292072 34.1493397, -118.2290785 34.1495562, -118.2289564 34.1497625, -118.2288333 34.1499705, -118.2287006 34.1501946, -118.2286523 34.1502724, -118.2285986 34.1503642, -118.2285279 34.1504796, -118.2285148 34.1504997, -118.2285017 34.1505251, -118.2283395 34.1507892, -118.2282966 34.1508969, -118.2282631 34.1510778, -118.2282239 34.1512617, -118.2282213 34.1512739, -118.2282089 34.1513323)",auto,1,0,,
Vallejo Drive,215,167659993,189,195,1,285.68,,,,residential,6,"LINESTRING (-118.2282089 34.1513323, -118.2282213 34.1512739, -118.2282239 34.1512617, -118.2282631 34.1510778, -118.2282966 34.1508969, -118.2283395 34.1507892, -118.2285017 34.1505251, -118.2285148 34.1504997, -118.2285279 34.1504796, -118.2285986 34.1503642, -118.2286523 34.1502724, -118.2287006 34.1501946, -118.2288333 34.1499705, -118.2289564 34.1497625, -118.2290785 34.1495562, -118.2292072 34.1493397, -118.2292289 34.1492697, -118.2292380 34.1492405, -118.2292568 34.1491799, -118.2292653 34.1491430, -118.2292919 34.1490274, -118.2292938 34.1490191, -118.2293104 34.1489468)",auto,1,0,,
Wilson Terrace,216,167660001,193,195,1,321.89,,40,,residential,6,"LINESTRING (-118.2324926 34.1500065, -118.2322910 34.1500062, -118.2321680 34.1499852, -118.2319433 34.1498716, -118.2316121 34.1496903, -118.2311159 34.1494613, -118.2306501 34.1492750, -118.2304238 34.1491845, -118.2303371 34.1491498, -118.2302985 34.1491365, -118.2298661 34.1489870, -118.2296766 34.1489446, -118.2295774 34.1489391, -118.2294419 34.1489369, -118.2293104 34.1489468)",auto,1,0,,
Wilson Terrace,217,167660001,195,193,1,321.89,,40,,residential,6,"LINESTRING (-118.2293104 34.1489468, -118.2294419 34.1489369, -118.2295774 34.1489391, -118.2296766 34.1489446, -118.2298661 34.1489870, -118.2302985 34.1491365, -118.2303371 34.1491498, -118.2304238 34.1491845, -118.2306501 34.1492750, -118.2311159 34.1494613, -118.2316121 34.1496903, -118.2319433 34.1498716, -118.2321680 34.1499852, -118.2322910 34.1500062, -118.2324926 34.1500065)",auto,1,0,,
Wilson Terrace,218,167660001,195,196,1,118.18,,40,,residential,6,"LINESTRING (-118.2293104 34.1489468, -118.2291890 34.1489610, -118.2289830 34.1489850, -118.2286320 34.1490150, -118.2283407 34.1489750, -118.2282273 34.1489409, -118.2281182 34.1488964, -118.2280870 34.1488821, -118.2280649 34.1488715)",auto,1,0,,
Wilson Terrace,219,167660001,196,195,1,118.18,,40,,residential,6,"LINESTRING (-118.2280649 34.1488715, -118.2280870 34.1488821, -118.2281182 34.1488964, -118.2282273 34.1489409, -118.2283407 34.1489750, -118.2286320 34.1490150, -118.2289830 34.1489850, -118.2291890 34.1489610, -118.2293104 34.1489468)",auto,1,0,,
Sierra Villa Drive,220,173225447,197,198,1,16.06,,,,residential,6,"LINESTRING (-118.2228587 34.1404024, -118.2229153 34.1402654)",auto,1,0,,
Sierra Villa Drive,221,173225447,198,197,1,16.06,,,,residential,6,"LINESTRING (-118.2229153 34.1402654, -118.2228587 34.1404024)",auto,1,0,,
Sierra Villa Drive,222,173225447,198,199,1,19.38,,,,residential,6,"LINESTRING (-118.2229153 34.1402654, -118.2229830 34.1401000)",auto,1,0,,
Sierra Villa Drive,223,173225447,199,198,1,19.38,,,,residential,6,"LINESTRING (-118.2229830 34.1401000, -118.2229153 34.1402654)",auto,1,0,,
Onteora Way,224,173225448,138,200,1,67.0,,,,residential,6,"LINESTRING (-118.2221303 34.1407043, -118.2221311 34.1401000)",auto,1,0,,
Onteora Way,225,173225448,200,138,1,67.0,,,,residential,6,"LINESTRING (-118.2221311 34.1401000, -118.2221303 34.1407043)",auto,1,0,,
Lincoln Avenue,226,174698553,201,174,1,19.75,,,,residential,6,"LINESTRING (-118.2295569 34.1401000, -118.2295568 34.1401794, -118.2295059 34.1402686)",auto,1,0,,
Lincoln Avenue,227,174698553,174,201,1,19.75,,,,residential,6,"LINESTRING (-118.2295059 34.1402686, -118.2295568 34.1401794, -118.2295569 34.1401000)",auto,1,0,,
Lincoln Avenue,228,174698558,174,167,1,139.65,,,,residential,6,"LINESTRING (-118.2295059 34.1402686, -118.2295054 34.1405562, -118.2295046 34.1406614, -118.2295016 34.1410454, -118.2294979 34.1415280)",auto,1,0,,
Lincoln Avenue,229,174698558,167,174,1,139.65,,,,residential,6,"LINESTRING (-118.2294979 34.1415280, -118.2295016 34.1410454, -118.2295046 34.1406614, -118.2295054 34.1405562, -118.2295059 34.1402686)",auto,1,0,,
Lincoln Avenue,230,174698558,167,202,1,137.15,,,,residential,6,"LINESTRING (-118.2294979 34.1415280, -118.2294982 34.1416112, -118.2295003 34.1421885, -118.2295007 34.1423021, -118.2295012 34.1424559, -118.2295016 34.1426415, -118.2295017 34.1426687, -118.2295023 34.1427649)",auto,1,0,,
Lincoln Avenue,231,174698558,202,167,1,137.15,,,,residential,6,"LINESTRING (-118.2295023 34.1427649, -118.2295017 34.1426687, -118.2295016 34.1426415, -118.2295012 34.1424559, -118.2295007 34.1423021, -118.2295003 34.1421885, -118.2294982 34.1416112, -118.2294979 34.1415280)",auto,1,0,,
Zinnia Lane,232,181306017,175,203,1,19.33,,,,residential,6,"LINESTRING (-118.2301894 34.1402742, -118.2301959 34.1401799, -118.2301955 34.1401000)",auto,1,0,,
Zinnia Lane,233,181306017,203,175,1,19.33,,,,residential,6,"LINESTRING (-118.2301955 34.1401000, -118.2301959 34.1401799, -118.2301894 34.1402742)",auto,1,0,,
,234,181651529,20,116,1,268.98,1,,,motorway,1,"LINESTRING (-118.2259064 34.1494468, -118.2259097 34.1494276, -118.2260890 34.1481475, -118.2262948 34.1470430)",auto,0,1,,
,235,181651531,14,45,1,130.33,2,,,motorway,1,"LINESTRING (-118.2250082 34.1519616, -118.2253675 34.1511149, -118.2254834 34.1508546)",auto,0,1,,
East Colorado Street,236,182463464,202,204,1,118.21,2,56,,primary,3,"LINESTRING (-118.2295023 34.1427649, -118.2296222 34.1427644, -118.2302039 34.1427601, -118.2303870 34.1427587, -118.2304279 34.1427584, -118.2307844 34.1427557)",auto,1,0,,
East Colorado Street,237,182463464,204,202,1,118.21,2,56,,primary,3,"LINESTRING (-118.2307844 34.1427557, -118.2304279 34.1427584, -118.2303870 34.1427587, -118.2302039 34.1427601, -118.2296222 34.1427644, -118.2295023 34.1427649)",auto,1,0,,
El Verano Avenue,238,182804605,205,206,1,18.09,,,,residential,6,"LINESTRING (-118.2259513 34.1401000, -118.2259451 34.1402631)",auto,1,0,,
El Verano Avenue,239,182804605,206,205,1,18.09,,,,residential,6,"LINESTRING (-118.2259451 34.1402631, -118.2259513 34.1401000)",auto,1,0,,
Delaware Avenue,240,182810806,207,208,1,14.1,,,,residential,6,"LINESTRING (-118.2274767 34.1401000, -118.2274222 34.1402189)",auto,1,0,,
Delaware Avenue,241,182810806,208,207,1,14.1,,,,residential,6,"LINESTRING (-118.2274222 34.1402189, -118.2274767 34.1401000)",auto,1,0,,
Rock Glen Avenue,242,182810809,208,206,1,137.22,,,,residential,6,"LINESTRING (-118.2274222 34.1402189, -118.2273550 34.1402441, -118.2273075 34.1402621, -118.2259451 34.1402631)",auto,1,0,,
Rock Glen Avenue,243,182810809,206,208,1,137.22,,,,residential,6,"LINESTRING (-118.2259451 34.1402631, -118.2273075 34.1402621, -118.2273550 34.1402441, -118.2274222 34.1402189)",auto,1,0,,
Rock Glen Avenue,244,182810809,206,2,1,182.93,,,,residential,6,"LINESTRING (-118.2259451 34.1402631, -118.2252323 34.1402636, -118.2245626 34.1402641, -118.2239610 34.1402646)",auto,1,0,,
Rock Glen Avenue,245,182810809,2,206,1,182.93,,,,residential,6,"LINESTRING (-118.2239610 34.1402646, -118.2245626 34.1402641, -118.2252323 34.1402636, -118.2259451 34.1402631)",auto,1,0,,
Rock Glen Avenue,246,182810809,2,198,1,96.41,,,,residential,6,"LINESTRING (-118.2239610 34.1402646, -118.2229153 34.1402654)",auto,1,0,,
Rock Glen Avenue,247,182810809,198,2,1,96.41,,,,residential,6,"LINESTRING (-118.2229153 34.1402654, -118.2239610 34.1402646)",auto,1,0,,
Holly Drive,248,184352930,54,15,1,12.0,,,,secondary,4,"LINESTRING (-118.2249705 34.1499268, -118.2248480 34.1498901)",auto,1,0,,
Holly Drive,249,184352930,15,54,1,12.0,,,,secondary,4,"LINESTRING (-118.2248480 34.1498901, -118.2249705 34.1499268)",auto,1,0,,
,250,184352935,209,210,1,130.26,1,,,motorway,1,"LINESTRING (-118.2278081 34.1401000, -118.2277260 34.1403308, -118.2274857 34.1408352, -118.2273057 34.1411971)",auto,0,1,,
Harvey Drive,251,286682593,211,154,1,86.5,,,,secondary,4,"LINESTRING (-118.2295799 34.1466468, -118.2297662 34.1464378, -118.2298926 34.1463399, -118.2301078 34.1462297, -118.2302980 34.1461786)",auto,1,0,,
Harvey Drive,252,286682593,154,211,1,86.5,,,,secondary,4,"LINESTRING (-118.2302980 34.1461786, -118.2301078 34.1462297, -118.2298926 34.1463399, -118.2297662 34.1464378, -118.2295799 34.1466468)",auto,1,0,,
,253,299391175,186,81,1,242.82,2,,,motorway,1,"LINESTRING (-118.2291345 34.1472579, -118.2289060 34.1471385, -118.2279034 34.1468172, -118.2274542 34.1466932, -118.2266758 34.1464890)",auto,0,1,,
East Wilson Avenue,254,314285914,212,213,1,212.91,,48,,tertiary,5,"LINESTRING (-118.2300722 34.1470159, -118.2303879 34.1472533, -118.2304389 34.1472917, -118.2307547 34.1475291, -118.2309735 34.1476936, -118.2311240 34.1478037, -118.2311966 34.1478446, -118.2313490 34.1479304, -118.2314461 34.1479631, -118.2315244 34.1479895, -118.2317991 34.1480419, -118.2319500 34.1480453)",auto,1,0,,
East Wilson Avenue,255,314285914,213,212,1,212.91,,48,,tertiary,5,"LINESTRING (-118.2319500 34.1480453, -118.2317991 34.1480419, -118.2315244 34.1479895, -118.2314461 34.1479631, -118.2313490 34.1479304, -118.2311966 34.1478446, -118.2311240 34.1478037, -118.2309735 34.1476936, -118.2307547 34.1475291, -118.2304389 34.1472917, -118.2303879 34.1472533, -118.2300722 34.1470159)",auto,1,0,,
,256,390068480,80,214,1,309.48,1,,,motorway,1,"LINESTRING (-118.2250697 34.1461018, -118.2218027 34.1454600)",auto,0,1,,
Ventura Freeway,257,390068481,214,215,1,9.65,5,104,,motorway,1,"LINESTRING (-118.2218027 34.1454600, -118.2217000 34.1454432)",auto,0,0,,
Ventura Freeway,258,390068482,216,72,1,21.15,5,104,,motorway,1,"LINESTRING (-118.2246686 34.1463470, -118.2248869 34.1464056)",auto,0,0,,
Ventura Freeway,259,390068483,217,216,1,59.67,5,104,,motorway,1,"LINESTRING (-118.2240505 34.1461874, -118.2246686 34.1463470)",auto,0,0,,
Harvey Drive,260,390068967,218,192,1,71.58,,,,secondary,4,"LINESTRING (-118.2264538 34.1510123, -118.2264002 34.1511782, -118.2263158 34.1514657, -118.2262699 34.1516394)",auto,1,0,,
Harvey Drive,261,390068967,192,218,1,71.58,,,,secondary,4,"LINESTRING (-118.2262699 34.1516394, -118.2263158 34.1514657, -118.2264002 34.1511782, -118.2264538 34.1510123)",auto,1,0,,
Harvey Drive,262,390068967,192,187,1,21.77,,,,secondary,4,"LINESTRING (-118.2262699 34.1516394, -118.2262058 34.1518284)",auto,1,0,,
Harvey Drive,263,390068967,187,192,1,21.77,,,,secondary,4,"LINESTRING (-118.2262058 34.1518284, -118.2262699 34.1516394)",auto,1,0,,
Harvey Drive,264,390068967,187,219,1,24.63,,,,secondary,4,"LINESTRING (-118.2262058 34.1518284, -118.2260910 34.1520290)",auto,1,0,,
Harvey Drive,265,390068967,219,187,1,24.63,,,,secondary,4,"LINESTRING (-118.2260910 34.1520290, -118.2262058 34.1518284)",auto,1,0,,
Harvey Drive,266,390068968,220,221,1,12.43,,,,secondary,4,"LINESTRING (-118.2279782 34.1488093, -118.2280495 34.1487141)",auto,1,0,,
Harvey Drive,267,390068968,221,220,1,12.43,,,,secondary,4,"LINESTRING (-118.2280495 34.1487141, -118.2279782 34.1488093)",auto,1,0,,
Wilson Terrace,268,390069001,196,220,1,10.56,,,,residential,6,"LINESTRING (-118.2280649 34.1488715, -118.2279782 34.1488093)",auto,1,0,,
Wilson Terrace,269,390069001,220,196,1,10.56,,,,residential,6,"LINESTRING (-118.2279782 34.1488093, -118.2280649 34.1488715)",auto,1,0,,
,270,390069774,49,47,1,61.98,1,,,motorway,1,"LINESTRING (-118.2251383 34.1525849, -118.2253035 34.1522632, -118.2253965 34.1520688)",auto,0,1,,
,271,390069775,46,50,1,61.69,2,,,motorway,1,"LINESTRING (-118.2251181 34.1525756, -118.2252485 34.1522461, -118.2253173 34.1520446)",auto,0,1,,
,272,405489262,222,185,1,68.85,3,,,motorway,1,"LINESTRING (-118.2279209 34.1476975, -118.2285381 34.1480471)",auto,0,1,,
,273,405489263,185,29,1,43.84,2,,,motorway,1,"LINESTRING (-118.2285381 34.1480471, -118.2286623 34.1481008, -118.2289600 34.1482296)",auto,0,1,,
,274,405489264,32,186,1,95.49,3,,,motorway,1,"LINESTRING (-118.2299902 34.1477431, -118.2292548 34.1473228, -118.2291345 34.1472579)",auto,0,1,,
,275,405489265,74,222,1,145.1,2,,,motorway,1,"LINESTRING (-118.2265381 34.1470766, -118.2274082 34.1474308, -118.2277113 34.1475788, -118.2279209 34.1476975)",auto,0,1,,
Colorado Boulevard,276,405492257,223,35,1,92.68,4,56,,primary,3,"LINESTRING (-118.2271070 34.1427691, -118.2280067 34.1427674, -118.2281123 34.1427674)",auto,1,0,,
Colorado Boulevard,277,405492257,35,223,1,92.68,3,56,,primary,3,"LINESTRING (-118.2281123 34.1427674, -118.2280067 34.1427674, -118.2271070 34.1427691)",auto,1,0,,
East Colorado Street,278,405492268,224,225,1,44.6,3,56,,primary,3,"LINESTRING (-118.2335879 34.1427581, -118.2336354 34.1427586, -118.2340716 34.1427633)",auto,1,0,,
East Colorado Street,279,405492268,225,224,1,44.6,2,56,,primary,3,"LINESTRING (-118.2340716 34.1427633, -118.2336354 34.1427586, -118.2335879 34.1427581)",auto,1,0,,
East Colorado Street,280,405492287,173,226,1,25.46,2,56,,primary,3,"LINESTRING (-118.2310360 34.1427563, -118.2312017 34.1427535, -118.2313121 34.1427516)",auto,1,0,,
East Colorado Street,281,405492287,226,173,1,25.46,3,56,,primary,3,"LINESTRING (-118.2313121 34.1427516, -118.2312017 34.1427535, -118.2310360 34.1427563)",auto,1,0,,
East Colorado Street,282,405492302,227,127,1,21.76,2,56,,primary,3,"LINESTRING (-118.2326384 34.1427494, -118.2327396 34.1427499, -118.2328744 34.1427505)",auto,1,0,,
East Colorado Street,283,405492302,127,227,1,21.76,2,56,,primary,3,"LINESTRING (-118.2328744 34.1427505, -118.2327396 34.1427499, -118.2326384 34.1427494)",auto,1,0,,
East Colorado Street,284,405492309,228,202,1,13.66,3,56,,primary,3,"LINESTRING (-118.2293541 34.1427655, -118.2294478 34.1427651, -118.2295023 34.1427649)",auto,1,0,,
East Colorado Street,285,405492309,202,228,1,13.66,2,56,,primary,3,"LINESTRING (-118.2295023 34.1427649, -118.2294478 34.1427651, -118.2293541 34.1427655)",auto,1,0,,
East Colorado Street,286,405492314,127,224,1,65.79,2,56,,primary,3,"LINESTRING (-118.2328744 34.1427505, -118.2331300 34.1427541, -118.2334785 34.1427591, -118.2335376 34.1427596, -118.2335879 34.1427581)",auto,1,0,,
East Colorado Street,287,405492314,224,127,1,65.79,2,56,,primary,3,"LINESTRING (-118.2335879 34.1427581, -118.2335376 34.1427596, -118.2334785 34.1427591, -118.2331300 34.1427541, -118.2328744 34.1427505)",auto,1,0,,
East Colorado Street,288,405492322,229,230,1,39.69,2,56,,primary,3,"LINESTRING (-118.2285319 34.1427674, -118.2286053 34.1427678, -118.2287033 34.1427679, -118.2287760 34.1427680, -118.2288783 34.1427676, -118.2289624 34.1427691)",auto,1,0,,
East Colorado Street,289,405492322,230,229,1,39.69,2,56,,primary,3,"LINESTRING (-118.2289624 34.1427691, -118.2288783 34.1427676, -118.2287760 34.1427680, -118.2287033 34.1427679, -118.2286053 34.1427678, -118.2285319 34.1427674)",auto,1,0,,
East Colorado Street,290,405492325,226,172,1,51.03,2,56,,primary,3,"LINESTRING (-118.2313121 34.1427516, -118.2314389 34.1427505, -118.2318656 34.1427470)",auto,1,0,,
East Colorado Street,291,405492325,172,226,1,51.03,2,56,,primary,3,"LINESTRING (-118.2318656 34.1427470, -118.2314389 34.1427505, -118.2313121 34.1427516)",auto,1,0,,
East Colorado Street,292,405492325,172,227,1,71.25,2,56,,primary,3,"LINESTRING (-118.2318656 34.1427470, -118.2319857 34.1427470, -118.2320398 34.1427470, -118.2321113 34.1427470, -118.2323027 34.1427479, -118.2324114 34.1427484, -118.2326384 34.1427494)",auto,1,0,,
East Colorado Street,293,405492325,227,172,1,71.25,2,56,,primary,3,"LINESTRING (-118.2326384 34.1427494, -118.2324114 34.1427484, -118.2323027 34.1427479, -118.2321113 34.1427470, -118.2320398 34.1427470, -118.2319857 34.1427470, -118.2318656 34.1427470)",auto,1,0,,
,294,405492329,231,232,1,36.91,4,,,motorway,1,"LINESTRING (-118.2268349 34.1421433, -118.2266818 34.1424509)",auto,0,1,,
,295,405492333,232,158,1,37.98,4,,,motorway,1,"LINESTRING (-118.2266818 34.1424509, -118.2265244 34.1427674)",auto,0,1,,
Colorado Boulevard,296,405493805,233,234,1,16.6,3,,,primary,3,"LINESTRING (-118.2235389 34.1423638, -118.2233773 34.1422977)",auto,1,0,,
Colorado Boulevard,297,405493805,234,233,1,16.6,3,,,primary,3,"LINESTRING (-118.2233773 34.1422977, -118.2235389 34.1423638)",auto,1,0,,
Colorado Boulevard,298,405493806,235,164,1,14.48,4,,,primary,3,"LINESTRING (-118.2241395 34.1426145, -118.2240010 34.1425529)",auto,1,0,,
Colorado Boulevard,299,405493806,164,235,1,14.48,4,,,primary,3,"LINESTRING (-118.2240010 34.1425529, -118.2241395 34.1426145)",auto,1,0,,
Colorado Boulevard,300,405493807,236,158,1,27.21,3,56,,primary,3,"LINESTRING (-118.2262293 34.1427674, -118.2265244 34.1427674)",auto,1,0,,
Colorado Boulevard,301,405493807,158,236,1,27.21,2,56,,primary,3,"LINESTRING (-118.2265244 34.1427674, -118.2262293 34.1427674)",auto,1,0,,
Colorado Boulevard,302,405493808,164,233,1,47.48,2,,,primary,3,"LINESTRING (-118.2240010 34.1425529, -118.2235389 34.1423638)",auto,1,0,,
Colorado Boulevard,303,405493808,233,164,1,47.48,4,,,primary,3,"LINESTRING (-118.2235389 34.1423638, -118.2240010 34.1425529)",auto,1,0,,
Colorado Boulevard,304,405493809,237,236,1,19.57,2,56,,primary,3,"LINESTRING (-118.2260170 34.1427696, -118.2261421 34.1427683, -118.2262293 34.1427674)",auto,1,0,,
Colorado Boulevard,305,405493809,236,237,1,19.57,3,56,,primary,3,"LINESTRING (-118.2262293 34.1427674, -118.2261421 34.1427683, -118.2260170 34.1427696)",auto,1,0,,
Colorado Boulevard,306,405493810,134,235,1,21.3,3,,,primary,3,"LINESTRING (-118.2243443 34.1427035, -118.2241395 34.1426145)",auto,1,0,,
Colorado Boulevard,307,405493810,235,134,1,21.3,3,,,primary,3,"LINESTRING (-118.2241395 34.1426145, -118.2243443 34.1427035)",auto,1,0,,
Colorado Boulevard,308,405493811,234,156,1,44.39,4,,,primary,3,"LINESTRING (-118.2233773 34.1422977, -118.2229453 34.1421210)",auto,1,0,,
Colorado Boulevard,309,405493811,156,234,1,44.39,3,,,primary,3,"LINESTRING (-118.2229453 34.1421210, -118.2233773 34.1422977)",auto,1,0,,
Colorado Boulevard,310,405494933,156,238,1,45.62,2,,,primary,3,"LINESTRING (-118.2229453 34.1421210, -118.2225039 34.1419351)",auto,1,0,,
Colorado Boulevard,311,405494933,238,156,1,45.62,4,,,primary,3,"LINESTRING (-118.2225039 34.1419351, -118.2229453 34.1421210)",auto,1,0,,
Colorado Boulevard,312,405494935,239,135,1,33.67,3,,,primary,3,"LINESTRING (-118.2223269 34.1418605, -118.2222158 34.1418137, -118.2221119 34.1417699, -118.2220011 34.1417232)",auto,1,0,,
Colorado Boulevard,313,405494935,135,239,1,33.67,2,,,primary,3,"LINESTRING (-118.2220011 34.1417232, -118.2221119 34.1417699, -118.2222158 34.1418137, -118.2223269 34.1418605)",auto,1,0,,
Colorado Boulevard,314,405494936,238,239,1,18.3,3,,,primary,3,"LINESTRING (-118.2225039 34.1419351, -118.2224786 34.1419244, -118.2223269 34.1418605)",auto,1,0,,
Colorado Boulevard,315,405494936,239,238,1,18.3,3,,,primary,3,"LINESTRING (-118.2223269 34.1418605, -118.2224786 34.1419244, -118.2225039 34.1419351)",auto,1,0,,
Colorado Boulevard,316,405494937,135,240,1,31.35,3,,,primary,3,"LINESTRING (-118.2220011 34.1417232, -118.2219498 34.1417008, -118.2217057 34.1415942, -118.2217000 34.1415917)",auto,1,0,,
Colorado Boulevard,317,405494937,240,135,1,31.35,3,,,primary,3,"LINESTRING (-118.2217000 34.1415917, -118.2217057 34.1415942, -118.2219498 34.1417008, -118.2220011 34.1417232)",auto,1,0,,
South Verdugo Road,318,405504821,225,241,1,11.27,2,,,secondary,4,"LINESTRING (-118.2340716 34.1427633, -118.2341000 34.1428621)",auto,1,0,,
South Verdugo Road,319,405504821,241,225,1,11.27,3,,,secondary,4,"LINESTRING (-118.2341000 34.1428621, -118.2340716 34.1427633)",auto,1,0,,
South Verdugo Road,320,405504825,225,242,1,22.05,2,,,secondary,4,"LINESTRING (-118.2340716 34.1427633, -118.2340203 34.1425691)",auto,1,0,,
South Verdugo Road,321,405504825,242,225,1,22.05,3,,,secondary,4,"LINESTRING (-118.2340203 34.1425691, -118.2340716 34.1427633)",auto,1,0,,
South Verdugo Road,322,405504829,243,165,1,98.96,2,,,secondary,4,"LINESTRING (-118.2339692 34.1423757, -118.2339262 34.1422130, -118.2339049 34.1421346, -118.2337389 34.1415040)",auto,1,0,,
South Verdugo Road,323,405504829,165,243,1,98.96,2,,,secondary,4,"LINESTRING (-118.2337389 34.1415040, -118.2339049 34.1421346, -118.2339262 34.1422130, -118.2339692 34.1423757)",auto,1,0,,
South Verdugo Road,324,405504829,165,176,1,138.54,2,,,secondary,4,"LINESTRING (-118.2337389 34.1415040, -118.2336656 34.1412730, -118.2336423 34.1411976, -118.2335887 34.1409445, -118.2335832 34.1408811, -118.2335691 34.1407281, -118.2335619 34.1406382, -118.2335676 34.1404412, -118.2335726 34.1402697)",auto,1,0,,
South Verdugo Road,325,405504829,176,165,1,138.54,2,,,secondary,4,"LINESTRING (-118.2335726 34.1402697, -118.2335676 34.1404412, -118.2335619 34.1406382, -118.2335691 34.1407281, -118.2335832 34.1408811, -118.2335887 34.1409445, -118.2336423 34.1411976, -118.2336656 34.1412730, -118.2337389 34.1415040)",auto,1,0,,
South Verdugo Road,326,405504829,176,244,1,18.82,2,,,secondary,4,"LINESTRING (-118.2335726 34.1402697, -118.2335726 34.1401000)",auto,1,0,,
South Verdugo Road,327,405504829,244,176,1,18.82,2,,,secondary,4,"LINESTRING (-118.2335726 34.1401000, -118.2335726 34.1402697)",auto,1,0,,
East Chevy Chase Drive,328,405506093,194,245,1,78.28,,,,secondary,4,"LINESTRING (-118.2325540 34.1519610, -118.2322812 34.1520058, -118.2322076 34.1520245, -118.2321130 34.1520486, -118.2320150 34.1520876, -118.2319392 34.1521178, -118.2317690 34.1522090)",auto,1,0,,
East Chevy Chase Drive,329,405506093,245,194,1,78.28,,,,secondary,4,"LINESTRING (-118.2317690 34.1522090, -118.2319392 34.1521178, -118.2320150 34.1520876, -118.2321130 34.1520486, -118.2322076 34.1520245, -118.2322812 34.1520058, -118.2325540 34.1519610)",auto,1,0,,
East Chevy Chase Drive,330,405506093,245,246,1,127.94,,,,secondary,4,"LINESTRING (-118.2317690 34.1522090, -118.2317228 34.1522326, -118.2314514 34.1523713, -118.2309786 34.1526130, -118.2309200 34.1526430, -118.2308387 34.1526803, -118.2307980 34.1526990, -118.2306290 34.1527764, -118.2305774 34.1528000)",auto,1,0,,
East Chevy Chase Drive,331,405506093,246,245,1,127.94,,,,secondary,4,"LINESTRING (-118.2305774 34.1528000, -118.2306290 34.1527764, -118.2307980 34.1526990, -118.2308387 34.1526803, -118.2309200 34.1526430, -118.2309786 34.1526130, -118.2314514 34.1523713, -118.2317228 34.1522326, -118.2317690 34.1522090)",auto,1,0,,
Harvey Drive,332,405506900,247,184,1,21.89,,,,secondary,4,"LINESTRING (-118.2281264 34.1486061, -118.2282474 34.1484362)",auto,1,0,,
Harvey Drive,333,405506900,184,247,1,21.89,,,,secondary,4,"LINESTRING (-118.2282474 34.1484362, -118.2281264 34.1486061)",auto,1,0,,
Harvey Drive,334,405506902,248,249,1,17.19,,,,secondary,4,"LINESTRING (-118.2278114 34.1490257, -118.2277136 34.1491577)",auto,1,0,,
Harvey Drive,335,405506902,249,248,1,17.19,,,,secondary,4,"LINESTRING (-118.2277136 34.1491577, -118.2278114 34.1490257)",auto,1,0,,
Harvey Drive,336,405506903,221,247,1,13.92,,,,secondary,4,"LINESTRING (-118.2280495 34.1487141, -118.2281264 34.1486061)",auto,1,0,,
Harvey Drive,337,405506903,247,221,1,13.92,,,,secondary,4,"LINESTRING (-118.2281264 34.1486061, -118.2280495 34.1487141)",auto,1,0,,
Harvey Drive,338,405506904,250,251,1,35.16,,,,secondary,4,"LINESTRING (-118.2256158 34.1527880, -118.2256743 34.1526787, -118.2257784 34.1525012)",auto,1,0,,
Harvey Drive,339,405506904,251,250,1,35.16,,,,secondary,4,"LINESTRING (-118.2257784 34.1525012, -118.2256743 34.1526787, -118.2256158 34.1527880)",auto,1,0,,
Harvey Drive,340,405506905,56,218,1,64.7,,,,secondary,4,"LINESTRING (-118.2267359 34.1504791, -118.2266762 34.1505770, -118.2265840 34.1507283, -118.2265091 34.1508759, -118.2264538 34.1510123)",auto,1,0,,
Harvey Drive,341,405506905,218,56,1,64.7,,,,secondary,4,"LINESTRING (-118.2264538 34.1510123, -118.2265091 34.1508759, -118.2265840 34.1507283, -118.2266762 34.1505770, -118.2267359 34.1504791)",auto,1,0,,
Harvey Drive,342,405506906,252,248,1,11.05,1,,,secondary,4,"LINESTRING (-118.2278743 34.1489409, -118.2278114 34.1490257)",auto,1,0,,
Harvey Drive,343,405506906,248,252,1,11.05,4,,,secondary,4,"LINESTRING (-118.2278114 34.1490257, -118.2278743 34.1489409)",auto,1,0,,
Harvey Drive,344,405506907,253,254,1,2.16,,,,secondary,4,"LINESTRING (-118.2270106 34.1500875, -118.2269988 34.1501043)",auto,1,0,,
Harvey Drive,345,405506907,254,253,1,2.16,,,,secondary,4,"LINESTRING (-118.2269988 34.1501043, -118.2270106 34.1500875)",auto,1,0,,
Harvey Drive,346,405506908,220,252,1,17.45,2,,,secondary,4,"LINESTRING (-118.2279782 34.1488093, -118.2279225 34.1488795, -118.2278743 34.1489409)",auto,1,0,,
Harvey Drive,347,405506908,252,220,1,17.45,4,,,secondary,4,"LINESTRING (-118.2278743 34.1489409, -118.2279225 34.1488795, -118.2279782 34.1488093)",auto,1,0,,
Harvey Drive,348,405506909,219,251,1,59.77,,,,secondary,4,"LINESTRING (-118.2260910 34.1520290, -118.2259551 34.1522377, -118.2257784 34.1525012)",auto,1,0,,
Harvey Drive,349,405506909,251,219,1,59.77,,,,secondary,4,"LINESTRING (-118.2257784 34.1525012, -118.2259551 34.1522377, -118.2260910 34.1520290)",auto,1,0,,
Harvey Drive,350,405506910,249,253,1,121.8,,,,secondary,4,"LINESTRING (-118.2277136 34.1491577, -118.2275400 34.1493918, -118.2274420 34.1495240, -118.2271260 34.1499230, -118.2270106 34.1500875)",auto,1,0,,
Harvey Drive,351,405506910,253,249,1,121.8,,,,secondary,4,"LINESTRING (-118.2270106 34.1500875, -118.2271260 34.1499230, -118.2274420 34.1495240, -118.2275400 34.1493918, -118.2277136 34.1491577)",auto,1,0,,
Harvey Drive,352,405506911,255,250,1,1.43,,,,secondary,4,"LINESTRING (-118.2256101 34.1528000, -118.2256158 34.1527880)",auto,1,0,,
Harvey Drive,353,405506911,250,255,1,1.43,,,,secondary,4,"LINESTRING (-118.2256158 34.1527880, -118.2256101 34.1528000)",auto,1,0,,
East Broadway,354,405507865,256,148,1,64.82,2,,,secondary,4,"LINESTRING (-118.2341000 34.1461662, -118.2340086 34.1461668, -118.2338152 34.1461681, -118.2333969 34.1461709)",auto,1,0,,
East Broadway,355,405507865,148,256,1,64.82,2,,,secondary,4,"LINESTRING (-118.2333969 34.1461709, -118.2338152 34.1461681, -118.2340086 34.1461668, -118.2341000 34.1461662)",auto,1,0,,
Harvey Drive,356,405507867,186,257,1,23.74,,,,secondary,4,"LINESTRING (-118.2291345 34.1472579, -118.2292645 34.1470731)",auto,1,0,,
Harvey Drive,357,405507867,257,186,1,23.74,,,,secondary,4,"LINESTRING (-118.2292645 34.1470731, -118.2291345 34.1472579)",auto,1,0,,
Harvey Drive,358,405507868,258,211,1,39.19,,,,secondary,4,"LINESTRING (-118.2293531 34.1469457, -118.2295799 34.1466468)",auto,1,0,,
Harvey Drive,359,405507868,211,258,1,39.19,,,,secondary,4,"LINESTRING (-118.2295799 34.1466468, -118.2293531 34.1469457)",auto,1,0,,
Harvey Drive,360,405507869,257,258,1,16.32,,,,secondary,4,"LINESTRING (-118.2292645 34.1470731, -118.2293531 34.1469457)",auto,1,0,,
Harvey Drive,361,405507869,258,257,1,16.32,,,,secondary,4,"LINESTRING (-118.2293531 34.1469457, -118.2292645 34.1470731)",auto,1,0,,
Broadway,362,405508861,140,132,1,7.83,,,,secondary,4,"LINESTRING (-118.2256996 34.1437061, -118.2256372 34.1436582)",auto,1,0,,
Broadway,363,405508861,132,140,1,7.83,,,,secondary,4,"LINESTRING (-118.2256372 34.1436582, -118.2256996 34.1437061)",auto,1,0,,
Broadway,364,405508862,259,130,1,34.91,2,,,secondary,4,"LINESTRING (-118.2283680 34.1457286, -118.2281700 34.1455798, -118.2280870 34.1455175)",auto,1,0,,
Broadway,365,405508862,130,259,1,34.91,2,,,secondary,4,"LINESTRING (-118.2280870 34.1455175, -118.2281700 34.1455798, -118.2283680 34.1457286)",auto,1,0,,
Broadway,366,405508863,260,211,1,61.1,2,,,secondary,4,"LINESTRING (-118.2290919 34.1462739, -118.2295799 34.1466468)",auto,1,0,,
Broadway,367,405508863,211,260,1,61.1,2,,,secondary,4,"LINESTRING (-118.2295799 34.1466468, -118.2290919 34.1462739)",auto,1,0,,
Broadway,368,405508864,261,260,1,20.84,2,,,secondary,4,"LINESTRING (-118.2289250 34.1461472, -118.2290919 34.1462739)",auto,1,0,,
Broadway,369,405508864,260,261,1,20.84,2,,,secondary,4,"LINESTRING (-118.2290919 34.1462739, -118.2289250 34.1461472)",auto,1,0,,
Broadway,370,405508865,262,140,1,30.17,,,,secondary,4,"LINESTRING (-118.2259387 34.1438919, -118.2256996 34.1437061)",auto,1,0,,
Broadway,371,405508865,140,262,1,30.17,,,,secondary,4,"LINESTRING (-118.2256996 34.1437061, -118.2259387 34.1438919)",auto,1,0,,
,372,405508866,159,263,1,30.2,2,,,secondary,4,"LINESTRING (-118.2262880 34.1433899, -118.2261890 34.1436495)",auto,0,0,,
Eagle Dale Avenue,373,405509052,151,264,1,38.64,2,,,secondary,4,"LINESTRING (-118.2281029 34.1434461, -118.2281034 34.1433941, -118.2281065 34.1430976)",auto,0,0,,
Eagle Dale Avenue,374,405509053,264,35,1,36.62,3,,,secondary,4,"LINESTRING (-118.2281065 34.1430976, -118.2281084 34.1429199, -118.2281123 34.1427674)",auto,0,0,,
East Wilson Avenue,375,405516434,265,7,1,37.73,,48,,tertiary,5,"LINESTRING (-118.2327456 34.1480496, -118.2323364 34.1480575)",auto,1,0,,
East Wilson Avenue,376,405516434,7,265,1,37.73,,48,,tertiary,5,"LINESTRING (-118.2323364 34.1480575, -118.2327456 34.1480496)",auto,1,0,,
East Wilson Avenue,377,405516436,213,7,1,35.65,,48,,tertiary,5,"LINESTRING (-118.2319500 34.1480453, -118.2323364 34.1480575)",auto,1,0,,
East Wilson Avenue,378,405516436,7,213,1,35.65,,48,,tertiary,5,"LINESTRING (-118.2323364 34.1480575, -118.2319500 34.1480453)",auto,1,0,,
East Wilson Avenue,379,405516450,211,212,1,61.11,,48,,tertiary,5,"LINESTRING (-118.2295799 34.1466468, -118.2296855 34.1467252, -118.2300722 34.1470159)",auto,1,0,,
East Wilson Avenue,380,405516450,212,211,1,61.11,,48,,tertiary,5,"LINESTRING (-118.2300722 34.1470159, -118.2296855 34.1467252, -118.2295799 34.1466468)",auto,1,0,,
East Wilson Avenue,381,405516452,266,146,1,63.26,,48,,tertiary,5,"LINESTRING (-118.2341000 34.1480550, -118.2338406 34.1480524, -118.2334139 34.1480481)",auto,1,0,,
East Wilson Avenue,382,405516452,146,266,1,63.26,,48,,tertiary,5,"LINESTRING (-118.2334139 34.1480481, -118.2338406 34.1480524, -118.2341000 34.1480550)",auto,1,0,,
East Wilson Avenue,383,405516452,146,265,1,61.61,,48,,tertiary,5,"LINESTRING (-118.2334139 34.1480481, -118.2327456 34.1480496)",auto,1,0,,
East Wilson Avenue,384,405516452,265,146,1,61.61,,48,,tertiary,5,"LINESTRING (-118.2327456 34.1480496, -118.2334139 34.1480481)",auto,1,0,,
East Glenoaks Boulevard,385,405516617,251,181,1,29.99,,,,tertiary,5,"LINESTRING (-118.2257784 34.1525012, -118.2260835 34.1525950)",auto,1,0,,
East Glenoaks Boulevard,386,405516617,181,251,1,29.99,,,,tertiary,5,"LINESTRING (-118.2260835 34.1525950, -118.2257784 34.1525012)",auto,1,0,,
Glenoaks Boulevard,387,405516618,251,128,1,45.08,,,,tertiary,5,"LINESTRING (-118.2257784 34.1525012, -118.2253222 34.1523548)",auto,1,0,,
Glenoaks Boulevard,388,405516618,128,251,1,45.08,,,,tertiary,5,"LINESTRING (-118.2253222 34.1523548, -118.2257784 34.1525012)",auto,1,0,,
Broadway,389,558780907,267,262,1,15.39,,,,secondary,4,"LINESTRING (-118.2260605 34.1439868, -118.2259387 34.1438919)",auto,1,0,,
Broadway,390,558780907,262,267,1,15.39,,,,secondary,4,"LINESTRING (-118.2259387 34.1438919, -118.2260605 34.1439868)",auto,1,0,,
,391,558780908,263,140,1,50.58,,,,secondary,4,"LINESTRING (-118.2261890 34.1436495, -118.2261273 34.1437236, -118.2260656 34.1437436, -118.2259932 34.1437569, -118.2256996 34.1437061)",auto,0,1,,
Glenoaks Boulevard,392,563112000,129,268,1,17.58,,,,tertiary,5,"LINESTRING (-118.2251555 34.1523026, -118.2249769 34.1522469)",auto,1,0,,
Glenoaks Boulevard,393,563112000,268,129,1,17.58,,,,tertiary,5,"LINESTRING (-118.2249769 34.1522469, -118.2251555 34.1523026)",auto,1,0,,
Glenoaks Boulevard,394,563112001,269,270,1,14.18,,,,tertiary,5,"LINESTRING (-118.2244238 34.1520744, -118.2242798 34.1520295)",auto,1,0,,
Glenoaks Boulevard,395,563112001,270,269,1,14.18,,,,tertiary,5,"LINESTRING (-118.2242798 34.1520295, -118.2244238 34.1520744)",auto,1,0,,
Glenoaks Boulevard,396,563112002,268,269,1,54.46,,,,tertiary,5,"LINESTRING (-118.2249769 34.1522469, -118.2244238 34.1520744)",auto,1,0,,
Glenoaks Boulevard,397,563112002,269,268,1,54.46,,,,tertiary,5,"LINESTRING (-118.2244238 34.1520744, -118.2249769 34.1522469)",auto,1,0,,
Glenoaks Boulevard,398,563112003,270,271,1,15.22,,,,tertiary,5,"LINESTRING (-118.2242798 34.1520295, -118.2241252 34.1519813)",auto,1,0,,
Glenoaks Boulevard,399,563112003,271,270,1,15.22,,,,tertiary,5,"LINESTRING (-118.2241252 34.1519813, -118.2242798 34.1520295)",auto,1,0,,
Glenoaks Boulevard,400,563112004,271,9,1,48.41,,,,tertiary,5,"LINESTRING (-118.2241252 34.1519813, -118.2236326 34.1518301)",auto,1,0,,
Glenoaks Boulevard,401,563112004,9,271,1,48.41,,,,tertiary,5,"LINESTRING (-118.2236326 34.1518301, -118.2241252 34.1519813)",auto,1,0,,
Glenoaks Boulevard,402,563112004,9,272,1,187.07,,,,tertiary,5,"LINESTRING (-118.2236326 34.1518301, -118.2227872 34.1515645, -118.2227448 34.1515512, -118.2225587 34.1515037, -118.2223880 34.1514602, -118.2219964 34.1513803, -118.2217000 34.1513246)",auto,1,0,,
Glenoaks Boulevard,403,563112004,272,9,1,187.07,,,,tertiary,5,"LINESTRING (-118.2217000 34.1513246, -118.2219964 34.1513803, -118.2223880 34.1514602, -118.2225587 34.1515037, -118.2227448 34.1515512, -118.2227872 34.1515645, -118.2236326 34.1518301)",auto,1,0,,
,404,563112005,48,273,1,24.37,1,,,motorway,1,"LINESTRING (-118.2262181 34.1504061, -118.2263201 34.1502033)",auto,0,1,,
,405,563112006,273,274,1,89.16,1,,,motorway,1,"LINESTRING (-118.2263201 34.1502033, -118.2263485 34.1501469, -118.2265442 34.1498045, -118.2268030 34.1495111)",auto,0,1,,
,406,563112007,275,112,1,40.45,2,,,motorway,1,"LINESTRING (-118.2260320 34.1501174, -118.2261662 34.1497701)",auto,0,1,,
,407,563112008,51,275,1,24.5,2,,,motorway,1,"LINESTRING (-118.2259507 34.1503278, -118.2260320 34.1501174)",auto,0,1,,
Glendale Freeway,408,563112011,119,276,1,200.08,4,104,,motorway,1,"LINESTRING (-118.2248846 34.1519313, -118.2253928 34.1501770)",auto,0,0,,
Glendale Freeway,409,563112017,277,278,1,154.71,4,104,,motorway,1,"LINESTRING (-118.2256207 34.1485208, -118.2252258 34.1498769)",auto,0,0,,
Broadway,410,603568515,261,259,1,69.22,,,,secondary,4,"LINESTRING (-118.2289250 34.1461472, -118.2284914 34.1458214, -118.2283680 34.1457286)",auto,1,0,,
Broadway,411,603568515,259,261,1,69.22,,,,secondary,4,"LINESTRING (-118.2283680 34.1457286, -118.2284914 34.1458214, -118.2289250 34.1461472)",auto,1,0,,
Rock Glen Avenue,412,605490201,279,174,1,43.87,,,,residential,6,"LINESTRING (-118.2290303 34.1402565, -118.2292147 34.1402612, -118.2295059 34.1402686)",auto,1,0,,
Rock Glen Avenue,413,605490201,174,279,1,43.87,,,,residential,6,"LINESTRING (-118.2295059 34.1402686, -118.2292147 34.1402612, -118.2290303 34.1402565)",auto,1,0,,
Holly Drive,414,607788644,19,53,1,13.39,,,,secondary,4,"LINESTRING (-118.2257926 34.1501661, -118.2256564 34.1501241)",auto,1,0,,
Holly Drive,415,607788644,53,19,1,13.39,,,,secondary,4,"LINESTRING (-118.2256564 34.1501241, -118.2257926 34.1501661)",auto,1,0,,
Glendale Freeway,416,607788645,280,118,1,35.42,4,104,,motorway,1,"LINESTRING (-118.2246353 34.1528000, -118.2247211 34.1524886)",auto,0,0,,
Glendale Freeway,417,607788647,44,281,1,43.22,4,104,,motorway,1,"LINESTRING (-118.2244957 34.1524197, -118.2243927 34.1528000)",auto,0,0,,
Glendale Freeway,418,607788650,99,282,1,28.38,5,104,,motorway,1,"LINESTRING (-118.2282649 34.1403487, -118.2283381 34.1401000)",auto,0,0,,
Glendale Freeway,419,607788651,283,33,1,19.75,5,104,,motorway,1,"LINESTRING (-118.2280502 34.1401000, -118.2280000 34.1402732)",auto,0,0,,
Ventura Freeway,420,607802964,78,214,1,289.58,5,104,,motorway,1,"LINESTRING (-118.2248245 34.1461698, -118.2233912 34.1457981, -118.2218027 34.1454600)",auto,0,0,,
Ventura Freeway,421,607802965,90,284,1,51.28,5,,,motorway,1,"LINESTRING (-118.2336735 34.1504116, -118.2341000 34.1507085)",auto,0,0,,
Sinclair Avenue,422,607802966,7,162,1,112.35,,,,residential,6,"LINESTRING (-118.2323364 34.1480575, -118.2324387 34.1481697, -118.2324431 34.1485590, -118.2324514 34.1490421)",auto,1,0,,
Sinclair Avenue,423,607802966,162,7,1,112.35,,,,residential,6,"LINESTRING (-118.2324514 34.1490421, -118.2324431 34.1485590, -118.2324387 34.1481697, -118.2323364 34.1480575)",auto,1,0,,
Sinclair Avenue,424,607802966,162,193,1,107.0,,,,residential,6,"LINESTRING (-118.2324514 34.1490421, -118.2324582 34.1492352, -118.2324794 34.1497245, -118.2324926 34.1500065)",auto,1,0,,
Sinclair Avenue,425,607802966,193,162,1,107.0,,,,residential,6,"LINESTRING (-118.2324926 34.1500065, -118.2324794 34.1497245, -118.2324582 34.1492352, -118.2324514 34.1490421)",auto,1,0,,
Ventura Freeway,426,607802967,72,76,1,77.68,5,104,,motorway,1,"LINESTRING (-118.2248869 34.1464056, -118.2256793 34.1466438)",auto,0,0,,
Hospital Drive,427,657497604,285,286,1,44.71,2,16,,unclassified,15,"LINESTRING (-118.2310493 34.1516630, -118.2311590 34.1517024, -118.2313002 34.1517518, -118.2313983 34.1517862, -118.2314896 34.1518308)",auto,1,0,,
Hospital Drive,428,657497604,286,285,1,44.71,1,16,,unclassified,15,"LINESTRING (-118.2314896 34.1518308, -118.2313983 34.1517862, -118.2313002 34.1517518, -118.2311590 34.1517024, -118.2310493 34.1516630)",auto,1,0,,
,429,660959274,160,238,1,99.2,1,,,primary,3,"LINESTRING (-118.2228489 34.1411872, -118.2228000 34.1416502, -118.2227746 34.1417812, -118.2227343 34.1418656, -118.2226472 34.1419088, -118.2225039 34.1419351)",auto,0,1,,
East Broadway,430,690102363,155,152,1,24.7,2,,,secondary,4,"LINESTRING (-118.2297847 34.1461494, -118.2295169 34.1461425)",auto,0,0,,
East Broadway,431,690102363,152,261,1,54.57,2,,,secondary,4,"LINESTRING (-118.2295169 34.1461425, -118.2292536 34.1461446, -118.2289250 34.1461472)",auto,0,0,,
East Chevy Chase Drive,432,691874680,287,194,1,146.05,,,,secondary,4,"LINESTRING (-118.2341000 34.1516727, -118.2340809 34.1516763, -118.2337539 34.1517373, -118.2333692 34.1518090, -118.2331148 34.1518564, -118.2325540 34.1519610)",auto,1,0,,
East Chevy Chase Drive,433,691874680,194,287,1,146.05,,,,secondary,4,"LINESTRING (-118.2325540 34.1519610, -118.2331148 34.1518564, -118.2333692 34.1518090, -118.2337539 34.1517373, -118.2340809 34.1516763, -118.2341000 34.1516727)",auto,1,0,,
Glendale Freeway,434,692514665,276,288,1,25.31,4,104,,motorway,1,"LINESTRING (-118.2253928 34.1501770, -118.2254570 34.1499551)",auto,0,0,,
Glendale Freeway,435,692514666,288,115,1,207.84,4,104,,motorway,1,"LINESTRING (-118.2254570 34.1499551, -118.2259849 34.1481328)",auto,0,0,,
Glendale Freeway,436,692514667,289,43,1,200.28,4,104,,motorway,1,"LINESTRING (-118.2251610 34.1500992, -118.2251533 34.1501262, -118.2246550 34.1518558)",auto,0,0,,
Glendale Freeway,437,692514668,278,289,1,25.36,4,104,,motorway,1,"LINESTRING (-118.2252258 34.1498769, -118.2251610 34.1500992)",auto,0,0,,
Holly Drive,438,692514669,290,15,1,11.25,,,,tertiary,5,"LINESTRING (-118.2247327 34.1498568, -118.2248480 34.1498901)",auto,1,0,,
Holly Drive,439,692514669,15,290,1,11.25,,,,tertiary,5,"LINESTRING (-118.2248480 34.1498901, -118.2247327 34.1498568)",auto,1,0,,
Holly Drive,440,692514670,291,290,1,10.05,,,,tertiary,5,"LINESTRING (-118.2246297 34.1498271, -118.2247327 34.1498568)",auto,1,0,,
Holly Drive,441,692514670,290,291,1,10.05,,,,tertiary,5,"LINESTRING (-118.2247327 34.1498568, -118.2246297 34.1498271)",auto,1,0,,
Holly Drive,442,692514671,111,291,1,5.58,,,,tertiary,5,"LINESTRING (-118.2245717 34.1498127, -118.2246297 34.1498271)",auto,1,0,,
Holly Drive,443,692514671,291,111,1,5.58,,,,tertiary,5,"LINESTRING (-118.2246297 34.1498271, -118.2245717 34.1498127)",auto,1,0,,
,444,692514672,274,84,1,111.21,2,,,motorway,1,"LINESTRING (-118.2268030 34.1495111, -118.2270869 34.1492715, -118.2273541 34.1491052, -118.2275200 34.1490184, -118.2277567 34.1489069)",auto,0,1,,
,445,716045744,150,292,1,96.42,,,,residential,6,"LINESTRING (-118.2280917 34.1443548, -118.2286548 34.1443561, -118.2286778 34.1443768, -118.2286773 34.1447500)",auto,1,0,,
,446,716045744,292,150,1,96.42,,,,residential,6,"LINESTRING (-118.2286773 34.1447500, -118.2286778 34.1443768, -118.2286548 34.1443561, -118.2280917 34.1443548)",auto,1,0,,
,447,727193892,85,91,1,409.04,2,,,motorway,1,"LINESTRING (-118.2281536 34.1487661, -118.2283336 34.1487298, -118.2286971 34.1486760, -118.2289627 34.1486644, -118.2291903 34.1486732, -118.2294756 34.1487110, -118.2298182 34.1487774, -118.2301151 34.1488691, -118.2306686 34.1490755, -118.2313074 34.1493689, -118.2322495 34.1498329)",auto,0,1,,
,448,741893205,263,267,1,39.23,,,,secondary,4,"LINESTRING (-118.2261890 34.1436495, -118.2260605 34.1439868)",auto,0,0,,
East Colorado Street,449,761630471,230,228,1,36.11,2,56,,primary,3,"LINESTRING (-118.2289624 34.1427691, -118.2293541 34.1427655)",auto,1,0,,
East Colorado Street,450,761630471,228,230,1,36.11,2,56,,primary,3,"LINESTRING (-118.2293541 34.1427655, -118.2289624 34.1427691)",auto,1,0,,
East Colorado Street,451,761630472,35,229,1,38.68,2,56,,primary,3,"LINESTRING (-118.2281123 34.1427674, -118.2283844 34.1427674, -118.2285319 34.1427674)",auto,1,0,,
East Colorado Street,452,761630472,229,35,1,38.68,2,56,,primary,3,"LINESTRING (-118.2285319 34.1427674, -118.2283844 34.1427674, -118.2281123 34.1427674)",auto,1,0,,
Colorado Boulevard,453,761630473,158,223,1,53.71,2,56,,primary,3,"LINESTRING (-118.2265244 34.1427674, -118.2271070 34.1427691)",auto,1,0,,
Colorado Boulevard,454,761630473,223,158,1,53.71,2,56,,primary,3,"LINESTRING (-118.2271070 34.1427691, -118.2265244 34.1427674)",auto,1,0,,
Colorado Boulevard,455,761630474,149,293,1,76.45,2,56,,primary,3,"LINESTRING (-118.2249280 34.1427674, -118.2257572 34.1427691)",auto,1,0,,
Colorado Boulevard,456,761630474,293,149,1,76.45,2,56,,primary,3,"LINESTRING (-118.2257572 34.1427691, -118.2249280 34.1427674)",auto,1,0,,
Broadway,457,773921437,131,267,1,23.63,2,,,secondary,4,"LINESTRING (-118.2262501 34.1441302, -118.2260605 34.1439868)",auto,1,0,,
Broadway,458,773921437,267,131,1,23.63,2,,,secondary,4,"LINESTRING (-118.2260605 34.1439868, -118.2262501 34.1441302)",auto,1,0,,
East Broadway,459,808379786,6,177,1,157.5,2,,,secondary,4,"LINESTRING (-118.2322237 34.1461681, -118.2315139 34.1461689, -118.2313159 34.1461666, -118.2312717 34.1461665, -118.2310923 34.1461662, -118.2305153 34.1461653)",auto,1,0,,
East Broadway,460,808379786,177,6,1,157.5,2,,,secondary,4,"LINESTRING (-118.2305153 34.1461653, -118.2310923 34.1461662, -118.2312717 34.1461665, -118.2313159 34.1461666, -118.2315139 34.1461689, -118.2322237 34.1461681)",auto,1,0,,
East Broadway,461,808379786,177,154,1,20.09,2,,,secondary,4,"LINESTRING (-118.2305153 34.1461653, -118.2302980 34.1461786)",auto,1,0,,
East Broadway,462,808379786,154,177,1,20.09,2,,,secondary,4,"LINESTRING (-118.2302980 34.1461786, -118.2305153 34.1461653)",auto,1,0,,
Glendale Freeway,463,864049215,17,277,1,174.11,4,104,,motorway,1,"LINESTRING (-118.2260640 34.1469944, -118.2256207 34.1485208)",auto,0,0,,
,464,886996605,210,231,1,113.54,4,,,motorway,1,"LINESTRING (-118.2273057 34.1411971, -118.2268349 34.1421433)",auto,0,1,,
,465,971629583,95,294,1,149.31,1,,,motorway,1,"LINESTRING (-118.2233012 34.1454831, -118.2221836 34.1453368, -118.2217000 34.1452813)",auto,0,1,,
,466,978104495,18,15,1,106.11,2,,,motorway,1,"LINESTRING (-118.2251819 34.1489749, -118.2250616 34.1492850, -118.2248791 34.1497646, -118.2248722 34.1497923, -118.2248480 34.1498901)",auto,0,1,,
South Verdugo Road,467,1000466726,242,243,1,21.96,2,,,secondary,4,"LINESTRING (-118.2340203 34.1425691, -118.2339692 34.1423757)",auto,1,0,,
South Verdugo Road,468,1000466726,243,242,1,21.96,3,,,secondary,4,"LINESTRING (-118.2339692 34.1423757, -118.2340203 34.1425691)",auto,1,0,,
East Colorado Street,469,1000466727,295,225,1,2.62,3,56,,primary,3,"LINESTRING (-118.2341000 34.1427626, -118.2340716 34.1427633)",auto,1,0,,
East Colorado Street,470,1000466727,225,295,1,2.62,2,56,,primary,3,"LINESTRING (-118.2340716 34.1427633, -118.2341000 34.1427626)",auto,1,0,,
Ventura Freeway,471,1002572925,296,217,1,224.69,5,104,,motorway,1,"LINESTRING (-118.2217000 34.1456588, -118.2223702 34.1457798, -118.2230310 34.1459147, -118.2240505 34.1461874)",auto,0,0,,
Glendale Freeway,472,1024464354,114,105,1,75.57,3,104,,motorway,1,"LINESTRING (-118.2276402 34.1424691, -118.2278312 34.1418063)",auto,0,0,,
Harvey Drive,473,1036470647,254,56,1,48.11,,,,secondary,4,"LINESTRING (-118.2269988 34.1501043, -118.2267359 34.1504791)",auto,1,0,,
Harvey Drive,474,1036470647,56,254,1,48.11,,,,secondary,4,"LINESTRING (-118.2267359 34.1504791, -118.2269988 34.1501043)",auto,1,0,,
East Colorado Street,475,1036490087,204,173,1,23.2,2,56,,primary,3,"LINESTRING (-118.2307844 34.1427557, -118.2307941 34.1427557, -118.2310360 34.1427563)",auto,1,0,,
East Colorado Street,476,1036490087,173,204,1,23.2,2,56,,primary,3,"LINESTRING (-118.2310360 34.1427563, -118.2307941 34.1427557, -118.2307844 34.1427557)",auto,1,0,,
,477,1051249882,59,60,1,107.85,2,,,motorway,1,"LINESTRING (-118.2311623 34.1481596, -118.2302411 34.1475601)",auto,0,1,,
Sinclair Avenue,478,1065061889,194,297,1,94.21,,40,,residential,6,"LINESTRING (-118.2325540 34.1519610, -118.2326540 34.1522790, -118.2326587 34.1528000)",auto,1,0,,
Sinclair Avenue,479,1065061889,297,194,1,94.21,,40,,residential,6,"LINESTRING (-118.2326587 34.1528000, -118.2326540 34.1522790, -118.2325540 34.1519610)",auto,1,0,,
Hospital Drive,480,1148753856,286,245,1,49.37,2,16,,unclassified,15,"LINESTRING (-118.2314896 34.1518308, -118.2315650 34.1519050, -118.2316503 34.1520321, -118.2317163 34.1521305, -118.2317690 34.1522090)",auto,1,0,,
Hospital Drive,481,1148753856,245,286,1,49.37,1,16,,unclassified,15,"LINESTRING (-118.2317690 34.1522090, -118.2317163 34.1521305, -118.2316503 34.1520321, -118.2315650 34.1519050, -118.2314896 34.1518308)",auto,1,0,,
El Verano Avenue,482,1208768273,237,4,1,10.98,,,,residential,6,"LINESTRING (-118.2260170 34.1427696, -118.2259896 34.1428660)",auto,1,0,,
El Verano Avenue,483,1208768273,4,237,1,10.98,,,,residential,6,"LINESTRING (-118.2259896 34.1428660, -118.2260170 34.1427696)",auto,1,0,,
Colorado Boulevard,484,1208768274,293,237,1,23.95,2,56,,primary,3,"LINESTRING (-118.2257572 34.1427691, -118.2260170 34.1427696)",auto,1,0,,
Colorado Boulevard,485,1208768274,237,293,1,23.95,2,56,,primary,3,"LINESTRING (-118.2260170 34.1427696, -118.2257572 34.1427691)",auto,1,0,,
Sierra Villa Avenue,486,1226254019,160,298,1,27.12,,,,residential,6,"LINESTRING (-118.2228489 34.1411872, -118.2228486 34.1409426)",auto,1,0,,
Sierra Villa Avenue,487,1226254019,298,160,1,27.12,,,,residential,6,"LINESTRING (-118.2228486 34.1409426, -118.2228489 34.1411872)",auto,1,0,,
Sierra Villa Avenue,488,1226254020,299,137,1,20.12,,,,residential,6,"LINESTRING (-118.2228486 34.1409232, -118.2228484 34.1407417)",auto,1,0,,
Sierra Villa Avenue,489,1226254020,137,299,1,20.12,,,,residential,6,"LINESTRING (-118.2228484 34.1407417, -118.2228486 34.1409232)",auto,1,0,,
Sierra Villa Avenue,490,1226254020,137,197,1,37.74,,,,residential,6,"LINESTRING (-118.2228484 34.1407417, -118.2228474 34.1407153, -118.2228404 34.1405257, -118.2228587 34.1404024)",auto,1,0,,
Sierra Villa Avenue,491,1226254020,197,137,1,37.74,,,,residential,6,"LINESTRING (-118.2228587 34.1404024, -118.2228404 34.1405257, -118.2228474 34.1407153, -118.2228484 34.1407417)",auto,1,0,,
Sierra Villa Avenue,492,1226254021,298,299,1,2.15,,,,residential,6,"LINESTRING (-118.2228486 34.1409426, -118.2228486 34.1409232)",auto,1,0,,
Sierra Villa Avenue,493,1226254021,299,298,1,2.15,,,,residential,6,"LINESTRING (-118.2228486 34.1409232, -118.2228486 34.1409426)",auto,1,0,,
East Broadway,494,1242692901,148,300,1,68.84,2,,,secondary,4,"LINESTRING (-118.2333969 34.1461709, -118.2330052 34.1461700, -118.2326502 34.1461691)",auto,1,0,,
East Broadway,495,1242692901,300,148,1,68.84,2,,,secondary,4,"LINESTRING (-118.2326502 34.1461691, -118.2330052 34.1461700, -118.2333969 34.1461709)",auto,1,0,,
East Broadway,496,1242692901,300,6,1,39.32,2,,,secondary,4,"LINESTRING (-118.2326502 34.1461691, -118.2322237 34.1461681)",auto,1,0,,
East Broadway,497,1242692901,6,300,1,39.32,2,,,secondary,4,"LINESTRING (-118.2322237 34.1461681, -118.2326502 34.1461691)",auto,1,0,,
