name,node_id,osm_node_id,osm_highway,zone_id,ctrl_type,node_type,activity_type,is_boundary,x_coord,y_coord,intersection_id,poi_id,notes
,0,1298171879,motorway_junction,,,,,,-121.880029,37.3272432,,,
,1,,,,,,,,-121.88,37.3272397,,,boundary node created by osm2gmns
,2,1830606721,,,,,,,-121.8829405,37.3259406,,,
,3,4408247122,traffic_signals,,signal,,,,-121.8837097,37.3254475,,,
,4,246450996,,,,,,,-121.8831893,37.325875,,,
,5,65388057,traffic_signals,,signal,,,,-121.8806292,37.3286,,,
,6,246451134,traffic_signals,,signal,,,,-121.8806431,37.327635,,,
,7,246557258,motorway_junction,,,,,,-121.893609,37.3239042,,,
,8,8201765190,,,,,,,-121.8954935,37.3236403,,,
,9,311443383,motorway_junction,,,,,,-121.8957266,37.3288479,,,
,10,311450310,,,,,,,-121.8953006,37.3279647,,,
,11,246557220,,,,,,,-121.8947612,37.3227711,,,
,12,8190252489,,,,,,,-121.8935045,37.3229488,,,
,13,65426402,,,,,,,-121.8894603,37.3231969,,,
,14,65426409,stop,,,,,,-121.8876047,37.3206969,,,
,15,,,,,,,,-121.8875342,37.3206,,,boundary node created by osm2gmns
,16,4951540646,,,,,,,-121.8917739,37.3214318,,,
,17,,,,,,,,-121.8917584,37.3206,,,boundary node created by osm2gmns
,18,65467457,turning_circle,,,,,,-121.8837569,37.3249205,,,
,19,65467458,,,,,,,-121.8845968,37.3244955,,,
,20,65467459,,,,,,,-121.8859124,37.3238729,,,
,21,65469781,traffic_signals,,signal,,,,-121.8815608,37.3240732,,,
,22,65419248,traffic_signals,,signal,,,,-121.8805141,37.3245735,,,
,23,,,,,,,,-121.8975,37.328266,,,boundary node created by osm2gmns
,24,65473798,,,,,,,-121.8965669,37.3270175,,,
,25,4908153782,,,,,,,-121.8844824,37.3276393,,,
,26,65485306,stop,,,,,,-121.8863406,37.326775,,,
,27,65485308,,,,,,,-121.887607,37.3261625,,,
,28,2619144379,traffic_signals,,signal,,,,-121.894363,37.3281588,,,
,29,4176755194,,,,,,,-121.8944912,37.3283503,,,
,30,65491414,,,,,,,-121.883611,37.3268143,,,
,31,314490550,,,,,,,-121.8868273,37.3253421,,,
,32,3614216340,,,,,,,-121.8817413,37.3320289,,,
,33,65510107,stop,,,,,,-121.8806796,37.3305935,,,
,34,,,,,,,,-121.88,37.3296671,,,boundary node created by osm2gmns
,35,65512086,,,,,,,-121.8888736,37.3278717,,,
,36,3437453793,crossing,,,,,,-121.8884059,37.3272318,,,
,37,65514968,stop,,,,,,-121.883201,37.3230123,,,
,38,65512094,traffic_signals,,signal,,,,-121.8846144,37.3221195,,,
,39,65395450,turning_circle,,,,,,-121.8939595,37.3223932,,,
,40,65519743,,,,,,,-121.8940079,37.321587,,,
,41,,,,,,,,-121.8940637,37.3206,,,boundary node created by osm2gmns
,42,9797599168,,,,,,,-121.8820671,37.331889,,,
,43,3614216338,,,,,,,-121.8806642,37.3325537,,,
,44,,,,,,,,-121.88,37.3328753,,,boundary node created by osm2gmns
,45,65544621,traffic_signals,,signal,,,,-121.8803028,37.3227145,,,
,46,65531544,stop,,,,,,-121.8818679,37.3216949,,,
,47,65512100,traffic_signals,,signal,,,,-121.883545,37.3206945,,,
,48,,,,,,,,-121.8837472,37.3206,,,boundary node created by osm2gmns
,49,,,,,,,,-121.88,37.3215449,,,boundary node created by osm2gmns
,50,65546221,,,,,,,-121.8806006,37.3211734,,,
,51,,,,,,,,-121.8815394,37.3206,,,boundary node created by osm2gmns
,52,656812995,traffic_signals,,signal,,,,-121.894265,37.3280551,,,
,53,65548526,,,,,,,-121.897196,37.3295253,,,
,54,,,,,,,,-121.8975,37.3293794,,,boundary node created by osm2gmns
,55,,,,,,,,-121.88,37.3316547,,,boundary node created by osm2gmns
,56,65534051,traffic_signals,,signal,,,,-121.8871548,37.3315622,,,
,57,,,,,,,,-121.8890125,37.334,,,boundary node created by osm2gmns
,58,4183796165,,,,,,,-121.8830741,37.3274562,,,
,59,4183796161,,,,,,,-121.8836169,37.3271927,,,
,60,,,,,,,,-121.884666,37.334,,,boundary node created by osm2gmns
,61,5288520677,traffic_signals,,signal,,,,-121.8845606,37.3338543,,,
,62,9713169656,,,,,,,-121.8841277,37.3332693,,,
,63,741845188,traffic_signals,,signal,,,,-121.888328,37.3308589,,,
,64,741845189,traffic_signals,,signal,,,,-121.888303,37.3310188,,,
,65,65512090,stop,,,,,,-121.88836,37.3271641,,,
,66,435802544,traffic_signals,,signal,,,,-121.8889945,37.3266798,,,
,67,313250472,traffic_signals,,signal,,,,-121.889097,37.3266268,,,
,68,9797599157,,,,,,,-121.8866298,37.3297201,,,
,69,9797599124,traffic_signals,,signal,,,,-121.8866681,37.3297017,,,
,70,65590612,,,,,,,-121.886858,37.3295917,,,
,71,313250512,traffic_signals,,signal,,,,-121.8935081,37.3322905,,,
,72,6374756279,,,,,,,-121.8930979,37.3324877,,,
,73,,,,,,,,-121.8975,37.3246509,,,boundary node created by osm2gmns
,74,65495043,,,,,,,-121.8973128,37.3244502,,,
,75,5872385656,,,,,,,-121.884915,37.328605,,,
,76,1704830270,,,,,,,-121.8853477,37.3283616,,,
,77,65618210,,,,,,,-121.8951906,37.3224398,,,
,78,65618219,,,,,,,-121.8963822,37.322248,,,
,79,65618228,,,,,,,-121.8970528,37.3219892,,,
,80,,,,,,,,-121.88,37.3228648,,,boundary node created by osm2gmns
,81,65578431,,,,,,,-121.8821022,37.3248017,,,
,82,65531540,stop,,,,,,-121.8838729,37.3236419,,,
,83,65512093,,,,,,,-121.885189,37.3229005,,,
,84,,,,,,,,-121.8964735,37.3206,,,boundary node created by osm2gmns
,85,10188917396,,,,,,,-121.8856207,37.3314749,,,
,86,9797599121,traffic_signals,,signal,,,,-121.8850111,37.3306232,,,
,87,65419224,,,,,,,-121.8849534,37.330542,,,
,88,65618196,,,,,,,-121.8867802,37.3273293,,,
,89,308866389,traffic_signals,,signal,,,,-121.891397,37.3293466,,,
,90,4176704325,,,,,,,-121.8907035,37.328416,,,
,91,1025294963,,,,,,,-121.8902911,37.3260742,,,
,92,65546833,,,,,,,-121.8902412,37.3260111,,,
,93,65378043,,,,,,,-121.888471,37.3236482,,,
,94,65514973,,,,,,,-121.8866288,37.3211639,,,
,95,,,,,,,,-121.8862098,37.3206,,,boundary node created by osm2gmns
,96,65614868,,,,,,,-121.8800259,37.3258304,,,
,97,,,,,,,,-121.88,37.3258423,,,boundary node created by osm2gmns
,98,65395447,turning_circle,,,,,,-121.8928166,37.3221343,,,
,99,65668966,,,,,,,-121.892866,37.321541,,,
,100,,,,,,,,-121.8929153,37.3206,,,boundary node created by osm2gmns
,101,65672351,,,,,,,-121.895189,37.3216306,,,
,102,,,,,,,,-121.8952495,37.3206,,,boundary node created by osm2gmns
,103,65495042,,,,,,,-121.8963847,37.324989,,,
,104,1934345854,,,,,,,-121.8955805,37.3241149,,,
,105,65512092,traffic_signals,,signal,,,,-121.8864708,37.3246222,,,
,106,313257500,,,,,,,-121.8869869,37.3243736,,,
,107,65578433,,,,,,,-121.8809579,37.3233686,,,
,108,65531542,stop,,,,,,-121.8825415,37.3223445,,,
,109,65512095,,,,,,,-121.8840837,37.3214178,,,
,110,3208509414,,,,,,,-121.8891098,37.3312121,,,
,111,282554960,,,,,,,-121.88872,37.3316026,,,
,112,33102471,,,,,,,-121.8931966,37.3250154,,,
,113,246451162,,,,,,,-121.8929213,37.3246076,,,
,114,246437982,,,,,,,-121.8941605,37.3264671,,,
,115,246438161,,,,,,,-121.894856,37.3275235,,,
,116,246557196,,,,,,,-121.8972201,37.3233609,,,
,117,,,,,,,,-121.8975,37.3232919,,,boundary node created by osm2gmns
,118,8847762684,,,,,,,-121.8862223,37.3249204,,,
,119,311465420,,,,,,,-121.8832691,37.3259824,,,
,120,305551936,motorway_junction,,,,,,-121.886738,37.3250773,,,
,121,1298973528,,,,,,,-121.888166,37.3249679,,,
,122,246557198,,,,,,,-121.8947606,37.3232627,,,
,123,246574388,,,,,,,-121.8899104,37.3242061,,,
,124,8948350639,,,,,,,-121.8965135,37.3231146,,,
,125,,,,,,,,-121.8975,37.3227844,,,boundary node created by osm2gmns
,126,287233679,,,,,,,-121.8950989,37.3235661,,,
,127,8948350638,,,,,,,-121.8958062,37.3232976,,,
,128,1298973485,,,,,,,-121.8959695,37.322794,,,
,129,1298973478,traffic_signals,,signal,,,,-121.8956213,37.3228755,,,
,130,246557215,,,,,,,-121.8945422,37.323067,,,
,131,311447923,motorway_junction,,,,,,-121.8960402,37.323003,,,
,132,305552402,,,,,,,-121.8945998,37.3231182,,,
,133,246574418,,,,,,,-121.8916862,37.3218931,,,
,134,,,,,,,,-121.8908373,37.3206,,,boundary node created by osm2gmns
,135,308866160,,,,,,,-121.8927868,37.3287431,,,
,136,281648359,,,,,,,-121.8924737,37.3288898,,,
,137,65665940,,,,,,,-121.8928703,37.3288567,,,
,138,4176738832,,,,,,,-121.8939406,37.3283422,,,
,139,308866516,,,,,,,-121.8925782,37.3289932,,,
,140,33102464,,,,,,,-121.8965397,37.3305985,,,
,141,246437971,,,,,,,-121.8960419,37.3294133,,,
,142,65548053,,,,,,,-121.8965223,37.3312546,,,
,143,65548057,,,,,,,-121.8969204,37.3334127,,,
,144,,,,,,,,-121.8971798,37.334,,,boundary node created by osm2gmns
,145,246008815,,,,,,,-121.897078,37.3334077,,,
,146,1895027962,motorway_junction,,,,,,-121.8968235,37.331713,,,
,147,,,,,,,,-121.8973224,37.334,,,boundary node created by osm2gmns
,148,311445529,,,,,,,-121.8967416,37.3334946,,,
,149,,,,,,,,-121.8968259,37.334,,,boundary node created by osm2gmns
,150,311445589,motorway_junction,,,,,,-121.895916,37.3305517,,,
,151,3983041557,,,,,,,-121.8962239,37.3319186,,,
,152,246438188,,,,,,,-121.896134,37.330518,,,
,153,246438195,,,,,,,-121.8967266,37.3305055,,,
,154,246438215,,,,,,,-121.8956737,37.3300634,,,
,155,246438218,,,,,,,-121.8950617,37.3287867,,,
,156,1298973182,,,,,,,-121.8957712,37.3289268,,,
,157,311450314,,,,,,,-121.8951793,37.3280221,,,
,158,311443386,,,,,,,-121.8955351,37.3290503,,,
,159,65548044,,,,,,,-121.8958283,37.3295033,,,
,160,65548049,,,,,,,-121.8963461,37.330589,,,
,161,1700578441,,,,,,,-121.896809,37.3223312,,,
,162,246557216,,,,,,,-121.8940233,37.3232049,,,
,163,246574390,,,,,,,-121.8900193,37.323583,,,
,164,246574393,,,,,,,-121.8879428,37.323923,,,
,165,311449749,,,,,,,-121.893877,37.3266003,,,
,166,311450282,,,,,,,-121.8945959,37.3276453,,,
,167,1700573017,,,,,,,-121.8936554,37.3266912,,,
,168,246438223,,,,,,,-121.8941806,37.3274616,,,
,169,311446741,,,,,,,-121.8945073,37.3249343,,,
,170,65395153,,,,,,,-121.897087,37.3231387,,,
,171,246438004,motorway_junction,,,,,,-121.8944011,37.3263576,,,
,172,286123615,,,,,,,-121.8947701,37.328216,,,
,173,311450299,,,,,,,-121.8944232,37.3277261,,,
,174,246438164,,,,,,,-121.8949347,37.328138,,,
,175,246438167,,,,,,,-121.8950078,37.3274524,,,
,176,8847762949,,,,,,,-121.894804,37.3271079,,,
,177,311450568,,,,,,,-121.8934883,37.3267251,,,
,178,246574435,,,,,,,-121.8902847,37.3226358,,,
,179,1298989052,traffic_signals,,signal,,,,-121.8895307,37.3238141,,,
,180,246574439,,,,,,,-121.8877854,37.3244964,,,
,181,,,,,,,,-121.8975,37.3225269,,,boundary node created by osm2gmns
,182,311465648,,,,,,,-121.8810274,37.3274563,,,
,183,1298171942,,,,,,,-121.881984,37.3268709,,,
,184,311465654,,,,,,,-121.8808911,37.3272703,,,
,185,311465454,,,,,,,-121.8834285,37.3261979,,,
,186,,,,,,,,-121.88,37.3272499,,,boundary node created by osm2gmns
,187,246451017,,,,,,,-121.882835,37.3261836,,,
,188,,,,,,,,-121.88,37.3275006,,,boundary node created by osm2gmns
,189,246451127,,,,,,,-121.8801272,37.3274745,,,
,190,65659369,,,,,,,-121.8875124,37.3241201,,,
,191,8913990944,,,,,,,-121.885911,37.3220027,,,
,192,312089275,,,,,,,-121.887323,37.3244069,,,
,193,5286985985,crossing,,,,,,-121.8906312,37.3335221,,,
,194,370190451,traffic_signals,,signal,,,,-121.890552,37.333118,,,
,195,3208509418,,,,,,,-121.8904981,37.3327186,,,
,196,308866396,traffic_signals,,signal,,,,-121.8870742,37.3314483,,,
,197,65578424,traffic_signals,,signal,,,,-121.8838184,37.3270939,,,
,198,4908153780,,,,,,,-121.8838899,37.327229,,,
,199,313250493,,,,,,,-121.8894128,37.3270474,,,
,200,4176704322,,,,,,,-121.8898189,37.3275989,,,
,201,,,,,,,,-121.894745,37.334,,,boundary node created by osm2gmns
,202,246437952,,,,,,,-121.8944853,37.3333015,,,
,203,315171887,,,,,,,-121.8882677,37.327044,,,
,204,314490549,,,,,,,-121.8871288,37.3255127,,,
,205,65491417,,,,,,,-121.8870759,37.3252347,,,
,206,314490595,,,,,,,-121.887196,37.3252575,,,
,207,313466611,,,,,,,-121.8885393,37.3255051,,,
,208,313466345,,,,,,,-121.8893195,37.3250988,,,
,209,,,,,,,,-121.8975,37.3299343,,,boundary node created by osm2gmns
,210,65519292,traffic_signals,,signal,,,,-121.8966046,37.3287743,,,
,211,11189017004,traffic_signals,,signal,,,,-121.8871605,37.3253515,,,
,212,,,,,,,,-121.8926558,37.334,,,boundary node created by osm2gmns
,213,65512116,,,,,,,-121.8932391,37.3337287,,,
,214,65574521,,,,,,,-121.8942365,37.3332649,,,
,215,65571603,,,,,,,-121.886696,37.329454,,,
,216,,,,,,,,-121.895582,37.334,,,boundary node created by osm2gmns
,217,65465086,traffic_signals,,signal,,,,-121.8953943,37.3338886,,,
,218,65414037,traffic_signals,,signal,,,,-121.8883022,37.3251876,,,
,219,704869519,motorway_junction,,,,,,-121.8904604,37.3211897,,,
,220,8847762977,,,,,,,-121.8923671,37.3245609,,,
,221,741845236,,,,,,,-121.8947943,37.3295971,,,
,222,65519288,,,,,,,-121.8943539,37.3298075,,,
,223,741845243,,,,,,,-121.8949594,37.3297118,,,
,224,1110000979,traffic_signals,,signal,,,,-121.8954894,37.3294592,,,
,225,11329165577,,,,,,,-121.8926387,37.3307633,,,
,226,4183815348,,,,,,,-121.8939888,37.3301775,,,
,227,4183815347,,,,,,,-121.8942797,37.3300354,,,
,228,4183815346,,,,,,,-121.8945128,37.3299275,,,
,229,246438180,traffic_signals,,signal,,,,-121.8953068,37.3293493,,,
,230,2901362279,,,,,,,-121.895183,37.3294072,,,
,231,,,,,,,,-121.8975,37.326933,,,boundary node created by osm2gmns
,232,65665944,,,,,,,-121.8971765,37.3266244,,,
,233,2619144342,,,,,,,-121.8970748,37.3265644,,,
,234,65495037,,,,,,,-121.895862,37.3252924,,,
,235,,,,,,,,-121.8975,37.3283028,,,boundary node created by osm2gmns
,236,9181565095,,,,,,,-121.8927266,37.3264111,,,
,237,65399739,traffic_signals,,signal,,,,-121.8923872,37.3260756,,,
,238,3437452976,,,,,,,-121.8905824,37.3259247,,,
,239,,,,,,,,-121.8975,37.3218291,,,boundary node created by osm2gmns
,240,369888141,,,,,,,-121.8973594,37.321951,,,
,241,,,,,,,,-121.8834734,37.3206,,,boundary node created by osm2gmns
,242,65514971,traffic_signals,,signal,,,,-121.8856326,37.3216338,,,
,243,3606658965,crossing,,,,,,-121.8957474,37.3311693,,,
,244,286130088,,,,,,,-121.895349,37.3314286,,,
,245,65615505,crossing,,,,,,-121.8958308,37.3312764,,,
,246,3606658960,,,,,,,-121.8960595,37.331175,,,
,247,1298973636,,,,,,,-121.8926615,37.3249573,,,
,248,246451146,,,,,,,-121.8931027,37.3256602,,,
,249,311449560,,,,,,,-121.8933512,37.3249887,,,
,250,1298973256,,,,,,,-121.8930553,37.3246053,,,
,251,246574386,motorway_junction,,,,,,-121.8931552,37.3233829,,,
,252,1298973386,,,,,,,-121.8934215,37.3267557,,,
,253,704868728,motorway_junction,,,,,,-121.892419,37.3246376,,,
,254,246574442,,,,,,,-121.8925957,37.3249435,,,
,255,1298973519,,,,,,,-121.8926764,37.3242351,,,
,256,1299012726,,,,,,,-121.8874741,37.3246539,,,
,257,313466461,,,,,,,-121.8902504,37.3247958,,,
,258,246574357,,,,,,,-121.8924844,37.3241411,,,
,259,246451180,motorway_junction,,,,,,-121.8884199,37.3249415,,,
,260,1768773664,,,,,,,-121.8876804,37.3302699,,,
,261,65590607,traffic_signals,,signal,,,,-121.8885154,37.330911,,,
,262,65519286,traffic_signals,,signal,,,,-121.8926069,37.3307813,,,
,263,4176704327,,,,,,,-121.8917497,37.329808,,,
,264,3614216343,traffic_signals,,signal,,,,-121.8839698,37.3330541,,,
,265,9733821604,traffic_signals,,signal,,,,-121.8849071,37.3326169,,,
,266,5288570861,,,,,,,-121.885054,37.3325466,,,
,267,,,,,,,,-121.8970197,37.334,,,boundary node created by osm2gmns
,268,,,,,,,,-121.8934383,37.334,,,boundary node created by osm2gmns
,269,65512120,,,,,,,-121.8925061,37.3327633,,,
,270,11413653485,traffic_signals,,signal,,,,-121.889237,37.3322852,,,
,271,3208509430,,,,,,,-121.889845,37.3330843,,,
,272,,,,,,,,-121.8920752,37.334,,,boundary node created by osm2gmns
,273,65553431,,,,,,,-121.89151,37.333233,,,
,274,10542734132,,,,,,,-121.8880444,37.3311388,,,
,275,8847762974,,,,,,,-121.8932406,37.3256387,,,
,276,65614865,,,,,,,-121.8806113,37.3266081,,,
,277,65419234,,,,,,,-121.8816491,37.3260961,,,
,278,246451125,,,,,,,-121.8826803,37.3256052,,,
,279,366742999,motorway_junction,,,,,,-121.8914079,37.3223115,,,
,280,,,,,,,,-121.8907239,37.3206,,,boundary node created by osm2gmns
,281,1700573006,,,,,,,-121.8927483,37.3254237,,,
,282,4938701216,traffic_signals,,signal,,,,-121.8960431,37.3303304,,,
,283,246557219,,,,,,,-121.896197,37.3226283,,,
,284,1700572992,,,,,,,-121.8941266,37.3226584,,,
,285,,,,,,,,-121.8899843,37.3206,,,boundary node created by osm2gmns
,286,11247435266,traffic_signals,,signal,,,,-121.8945484,37.3259925,,,
,287,1700578535,traffic_signals,,signal,,,,-121.8936351,37.3252855,,,
,288,246451173,,,,,,,-121.8940471,37.3244382,,,
,289,246574419,,,,,,,-121.8924057,37.3232309,,,
,290,1700578536,,,,,,,-121.8941969,37.3252905,,,
,291,65535226,motorway_junction,,,,,,-121.890059,37.324422,,,
,292,5050456551,,,,,,,-121.8887835,37.325838,,,
,293,10255089786,,,,,,,-121.8831022,37.3261508,,,
,294,313250501,traffic_signals,,signal,,,,-121.8911894,37.3294342,,,
,295,1704830217,,,,,,,-121.89092,37.3233489,,,
,296,1700572991,,,,,,,-121.8936785,37.3226602,,,
,297,,,,,,,,-121.8909082,37.3206,,,boundary node created by osm2gmns
,298,65419226,traffic_signals,,signal,,,,-121.8838738,37.3290826,,,
,299,9733821609,traffic_signals,,signal,,,,-121.8829534,37.3295192,,,
,300,65614863,,,,,,,-121.88284,37.3295712,,,
,301,3971301885,,,,,,,-121.8964585,37.3328451,,,
,302,65667136,traffic_signals,,signal,,,,-121.8965836,37.333333,,,
,303,3969460087,,,,,,,-121.8966311,37.3297906,,,
,304,246438202,traffic_signals,,signal,,,,-121.8963937,37.3288938,,,
,305,1934345858,,,,,,,-121.8954646,37.3255231,,,
,306,1934345856,,,,,,,-121.8948822,37.3247434,,,
,307,1704830232,,,,,,,-121.8895217,37.3239494,,,
,308,4176773917,,,,,,,-121.8924576,37.3263051,,,
,309,11247403636,traffic_signals,,signal,,,,-121.8927967,37.3266347,,,
,310,6251005461,,,,,,,-121.8929188,37.3267543,,,
,311,2058688537,,,,,,,-121.8809799,37.3215684,,,
,312,,,,,,,,-121.8800261,37.3206,,,boundary node created by osm2gmns
,313,308866159,,,,,,,-121.8940637,37.3281472,,,
,314,741846860,traffic_signals,,signal,,,,-121.8924403,37.3308725,,,
,315,4176755198,,,,,,,-121.8932013,37.3318804,,,
,316,,,,,,,,-121.8975,37.3218712,,,boundary node created by osm2gmns
,317,5223617608,traffic_signals,,signal,,,,-121.8859947,37.3319671,,,
,318,9733821601,traffic_signals,,signal,,,,-121.8851472,37.3323818,,,
,319,5288570860,,,,,,,-121.88499,37.3324537,,,
,320,313250499,traffic_signals,,signal,,,,-121.8913016,37.3295798,,,
,321,65659381,traffic_signals,,signal,,,,-121.8915001,37.3294837,,,
,322,3632374224,,,,,,,-121.8917898,37.3293579,,,
,323,9181565087,,,,,,,-121.8896781,37.3262678,,,
,324,65546835,traffic_signals,,signal,,,,-121.8892547,37.3264751,,,
,325,313257343,turning_circle,,,,,,-121.8897235,37.3252215,,,
,326,286123490,,,,,,,-121.8949932,37.3290636,,,
,327,2978260446,,,,,,,-121.8857996,37.3297539,,,
,328,9797599136,traffic_signals,,signal,,,,-121.8859411,37.3299409,,,
,329,65529241,,,,,,,-121.886005,37.3300287,,,
,330,4176738833,,,,,,,-121.8850997,37.3288251,,,
,331,2981484192,,,,,,,-121.8810097,37.3291039,,,
,332,65618201,,,,,,,-121.8871452,37.3271264,,,
,333,,,,,,,,-121.88,37.3238819,,,boundary node created by osm2gmns
,334,1025295150,,,,,,,-121.8911112,37.3257581,,,
,335,1025295173,traffic_signals,,signal,,,,-121.8923116,37.3261612,,,
,336,3437452969,,,,,,,-121.8906128,37.3258358,,,
,337,4176773914,,,,,,,-121.8904144,37.325927,,,
,338,1025295098,,,,,,,-121.8910948,37.3256909,,,
,339,,,,,,,,-121.8975,37.3304084,,,boundary node created by osm2gmns
,340,3606658966,,,,,,,-121.8964556,37.33084,,,
,341,3606658959,,,,,,,-121.8965331,37.3309523,,,
,342,,,,,,,,-121.8975,37.3304628,,,boundary node created by osm2gmns
,343,3606658967,,,,,,,-121.8959798,37.3310597,,,
,344,,,,,,,,-121.8975,37.3328464,,,boundary node created by osm2gmns
,345,,,,,,,,-121.8975,37.33295,,,boundary node created by osm2gmns
,346,3208509425,crossing,,,,,,-121.890073,37.3332088,,,
,347,1935687145,,,,,,,-121.8938564,37.3263169,,,
,348,11247403635,traffic_signals,,signal,,,,-121.8931486,37.3266107,,,
,349,3632366848,,,,,,,-121.8929939,37.326688,,,
,350,3632374218,,,,,,,-121.8917088,37.3297614,,,
,351,,,,,,,,-121.8874869,37.334,,,boundary node created by osm2gmns
,352,65419219,crossing,,,,,,-121.8869912,37.3333307,,,
,353,65419229,traffic_signals,,signal,,,,-121.8827685,37.3275984,,,
,354,6639289299,,,,,,,-121.8825687,37.3273316,,,
,355,65581875,traffic_signals,,signal,,,,-121.8817287,37.3280909,,,
,356,65419222,traffic_signals,,signal,,,,-121.8860729,37.3320701,,,
,357,4176755193,,,,,,,-121.8940168,37.3277943,,,
,358,4176704336,,,,,,,-121.8956092,37.3337844,,,
,359,1700572995,,,,,,,-121.8956385,37.3226975,,,
,360,4176755200,,,,,,,-121.8944019,37.333474,,,
,361,,,,,,,,-121.894596,37.334,,,boundary node created by osm2gmns
,362,4881104409,,,,,,,-121.8945594,37.3317879,,,
,363,65546822,,,,,,,-121.894117,37.3282598,,,
,364,2619144364,traffic_signals,,signal,,,,-121.8956243,37.3274289,,,
,365,9504053460,,,,,,,-121.8948951,37.3277655,,,
,366,4176738831,,,,,,,-121.8952418,37.3277229,,,
,367,11189016990,traffic_signals,,signal,,,,-121.8869324,37.3253147,,,
,368,3939293009,,,,,,,-121.8868734,37.325143,,,
,369,312089276,traffic_signals,,signal,,,,-121.8879203,37.3252221,,,
,370,3983094308,,,,,,,-121.89665,37.3299873,,,
,371,4176738829,,,,,,,-121.8954612,37.3272083,,,
,372,4089721249,,,,,,,-121.8950021,37.3265881,,,
,373,1700573009,,,,,,,-121.8926917,37.3257222,,,
,374,246438226,,,,,,,-121.8963124,37.3322526,,,
,375,1700578512,,,,,,,-121.8940809,37.3245711,,,
,376,1700578480,,,,,,,-121.8958692,37.3236554,,,
,377,,,,,,,,-121.8975,37.3229554,,,boundary node created by osm2gmns
,378,1704830229,traffic_signals,,signal,,,,-121.8896635,37.3238906,,,
,379,4176704323,traffic_signals,,signal,,,,-121.8903895,37.3279941,,,
,380,4176704320,,,,,,,-121.8895837,37.326912,,,
,381,3676865359,traffic_signals,,signal,,,,-121.8893158,37.326557,,,
,382,4176704324,traffic_signals,,signal,,,,-121.8901867,37.3280964,,,
,383,4176704326,,,,,,,-121.8909214,37.329077,,,
,384,4974548839,,,,,,,-121.8904915,37.3281333,,,
,385,4176704329,,,,,,,-121.893508,37.330219,,,
,386,4176704330,,,,,,,-121.8932293,37.3303678,,,
,387,8850018226,,,,,,,-121.893029,37.3304696,,,
,388,1025295363,,,,,,,-121.8928916,37.3305422,,,
,389,8850018225,,,,,,,-121.8939994,37.3299753,,,
,390,741847537,,,,,,,-121.8961698,37.3291077,,,
,391,,,,,,,,-121.8909733,37.334,,,boundary node created by osm2gmns
,392,65590604,traffic_signals,,signal,,,,-121.8907059,37.3336278,,,
,393,5286985978,crossing,,,,,,-121.8902405,37.3332514,,,
,394,741845191,,,,,,,-121.8887837,37.3311094,,,
,395,4176704328,,,,,,,-121.8907826,37.3298282,,,
,396,3632374240,crossing,,,,,,-121.8886792,37.3308357,,,
,397,,,,,,,,-121.8951634,37.334,,,boundary node created by osm2gmns
,398,3524576509,,,,,,,-121.8960023,37.3335964,,,
,399,1025295094,,,,,,,-121.8930724,37.3267705,,,
,400,65665943,traffic_signals,,signal,,,,-121.8956898,37.3275145,,,
,401,4176738830,,,,,,,-121.8958405,37.3277183,,,
,402,4176738834,,,,,,,-121.8863613,37.3317891,,,
,403,3614216342,traffic_signals,,signal,,,,-121.8839017,37.3329442,,,
,404,9797599146,,,,,,,-121.8836674,37.3326086,,,
,405,281149294,traffic_signals,,signal,,,,-121.8828384,37.3315282,,,
,406,65588274,traffic_signals,,signal,,,,-121.8817546,37.3300817,,,
,407,4176755199,,,,,,,-121.8939455,37.3325692,,,
,408,65615503,traffic_signals,,signal,,,,-121.8936755,37.3322041,,,
,409,4176755191,,,,,,,-121.8966833,37.3269377,,,
,410,4176755197,,,,,,,-121.8948985,37.3289397,,,
,411,4176755192,,,,,,,-121.8939154,37.3276905,,,
,412,4176755195,,,,,,,-121.894577,37.3284718,,,
,413,4176755196,,,,,,,-121.8947662,37.3287443,,,
,414,4176755190,traffic_signals,,signal,,,,-121.8931841,37.326889,,,
,415,,,,,,,,-121.8975,37.3262955,,,boundary node created by osm2gmns
,416,,,,,,,,-121.8975,37.3264202,,,boundary node created by osm2gmns
,417,4176773912,,,,,,,-121.8874916,37.324637,,,
,418,4176773915,,,,,,,-121.8901236,37.3261575,,,
,419,4176773916,,,,,,,-121.889805,37.3262067,,,
,420,11247435238,,,,,,,-121.8935707,37.3273999,,,
,421,4176773913,,,,,,,-121.8921039,37.3258556,,,
,422,2699581545,,,,,,,-121.8918019,37.3257243,,,
,423,4176773484,,,,,,,-121.8930421,37.3313347,,,
,424,4176773482,,,,,,,-121.8919905,37.3303456,,,
,425,741846851,,,,,,,-121.890076,37.3321223,,,
,426,11413653488,traffic_signals,,signal,,,,-121.8902212,37.3320357,,,
,427,4176816380,,,,,,,-121.8801101,37.3288443,,,
,428,,,,,,,,-121.88,37.3288983,,,boundary node created by osm2gmns
,429,3752165953,,,,,,,-121.8822649,37.327827,,,
,430,4176816379,,,,,,,-121.8819746,37.327968,,,
,431,9797599126,traffic_signals,,signal,,,,-121.8867307,37.3294816,,,
,432,4183796166,,,,,,,-121.8857367,37.3286818,,,
,433,5872359317,,,,,,,-121.8841357,37.3273538,,,
,434,7353279726,,,,,,,-121.8846304,37.3301013,,,
,435,6639289304,,,,,,,-121.8829668,37.3278677,,,
,436,4183796157,,,,,,,-121.8836042,37.3269038,,,
,437,4183796172,,,,,,,-121.8852836,37.3328455,,,
,438,9119701383,,,,,,,-121.8853209,37.3328949,,,
,439,4183796173,,,,,,,-121.8854112,37.3330127,,,
,440,2673324986,traffic_signals,,signal,,,,-121.8857832,37.333534,,,
,441,,,,,,,,-121.8861376,37.334,,,boundary node created by osm2gmns
,442,7010380647,,,,,,,-121.883334,37.3321604,,,
,443,4183796171,,,,,,,-121.8829602,37.3316885,,,
,444,9797599150,traffic_signals,,signal,,,,-121.8829127,37.3316263,,,
,445,4183796169,,,,,,,-121.8873696,37.3300141,,,
,446,65590614,traffic_signals,,signal,,,,-121.8860583,37.328937,,,
,447,6859746340,,,,,,,-121.8865836,37.3293628,,,
,448,4183796168,,,,,,,-121.886436,37.3292438,,,
,449,9797599125,traffic_signals,,signal,,,,-121.8869574,37.329675,,,
,450,4183796167,,,,,,,-121.8919155,37.3291225,,,
,451,4183796170,,,,,,,-121.8887803,37.3305714,,,
,452,8850018220,,,,,,,-121.8948221,37.3297778,,,
,453,4183815345,,,,,,,-121.8956518,37.3291821,,,
,454,8915565690,,,,,,,-121.8959751,37.3290253,,,
,455,9797599133,traffic_signals,,signal,,,,-121.8860698,37.3301152,,,
,456,,,,,,,,-121.8899948,37.3206,,,boundary node created by osm2gmns
,457,8847787988,,,,,,,-121.8923905,37.3247345,,,
,458,1704830288,traffic_signals,,signal,,,,-121.8896126,37.3301598,,,
,459,5050453367,,,,,,,-121.8843037,37.3327606,,,
,460,11413653489,traffic_signals,,signal,,,,-121.890193,37.3322897,,,
,461,3208509415,,,,,,,-121.8893568,37.3312939,,,
,462,,,,,,,,-121.88,37.3224081,,,boundary node created by osm2gmns
,463,,,,,,,,-121.8975,37.3223061,,,boundary node created by osm2gmns
,464,,,,,,,,-121.8848691,37.3206,,,boundary node created by osm2gmns
,465,,,,,,,,-121.8878146,37.3206,,,boundary node created by osm2gmns
,466,10188917398,,,,,,,-121.8862951,37.3243899,,,
,467,,,,,,,,-121.88,37.3248166,,,boundary node created by osm2gmns
,468,,,,,,,,-121.88,37.3257942,,,boundary node created by osm2gmns
,469,308866147,traffic_signals,,signal,,,,-121.8897286,37.3303163,,,
,470,11413663279,traffic_signals,,signal,,,,-121.8900443,37.3332003,,,
,471,246574441,,,,,,,-121.8925433,37.3245834,,,
,472,,,,,,,,-121.8902303,37.3206,,,boundary node created by osm2gmns
,473,9267123833,,,,,,,-121.8903181,37.3208492,,,
,474,6374756273,,,,,,,-121.8901884,37.3338955,,,
,475,,,,,,,,-121.8899647,37.334,,,boundary node created by osm2gmns
,476,6374756274,,,,,,,-121.8912123,37.3333813,,,
,477,6374756275,,,,,,,-121.8918398,37.3330761,,,
,478,6374756277,,,,,,,-121.8921373,37.3329359,,,
,479,6374756278,,,,,,,-121.8927504,37.3326495,,,
,480,6374756280,,,,,,,-121.8940758,37.3320096,,,
,481,65616840,,,,,,,-121.8965564,37.3236203,,,
,482,,,,,,,,-121.8975,37.3243419,,,boundary node created by osm2gmns
,483,65387352,,,,,,,-121.8949825,37.3234597,,,
,484,9446977767,,,,,,,-121.8885688,37.3244526,,,
,485,311443949,,,,,,,-121.8970665,37.3333471,,,
,486,9733821610,traffic_signals,,signal,,,,-121.8826866,37.3296438,,,
,487,,,,,,,,-121.88,37.3309179,,,boundary node created by osm2gmns
,488,65529243,,,,,,,-121.8839277,37.3310288,,,
,489,9733821602,traffic_signals,,signal,,,,-121.8849201,37.3323575,,,
,490,6859746369,,,,,,,-121.8822691,37.3287944,,,
,491,9733821574,,,,,,,-121.8827338,37.3294282,,,
,492,5124883700,crossing,,,,,,-121.8818101,37.3281853,,,
,493,,,,,,,,-121.8905232,37.3206,,,boundary node created by osm2gmns
,494,8874599131,,,,,,,-121.8853295,37.3254441,,,
,495,8874599109,,,,,,,-121.8807772,37.3270355,,,
,496,3939293005,traffic_signals,,signal,,,,-121.8869613,37.3251952,,,
,497,305551920,,,,,,,-121.8864064,37.3248726,,,
,498,305551928,,,,,,,-121.8865883,37.3251105,,,
,499,8847762973,,,,,,,-121.8928059,37.3249875,,,
,500,1700578528,,,,,,,-121.8932764,37.32478,,,
,501,311465661,,,,,,,-121.8807272,37.3270528,,,
,502,10175502810,,,,,,,-121.8958552,37.3290834,,,
,503,9797599122,traffic_signals,,signal,,,,-121.8847967,37.3306171,,,
,504,9733821605,traffic_signals,,signal,,,,-121.884091,37.3309521,,,
,505,9733821573,,,,,,,-121.8838008,37.3308604,,,
,506,9733821606,traffic_signals,,signal,,,,-121.8838433,37.3309173,,,
,507,9733821611,traffic_signals,,signal,,,,-121.8827794,37.3294896,,,
,508,9797599138,,,,,,,-121.8831173,37.3314084,,,
,509,9797599148,traffic_signals,,signal,,,,-121.8830144,37.3314558,,,
,510,4176738836,,,,,,,-121.8834249,37.3322799,,,
,511,9797599155,,,,,,,-121.8857246,37.3301737,,,
,512,9797599153,,,,,,,-121.8852241,37.3304106,,,
,513,9797599123,traffic_signals,,signal,,,,-121.8850909,37.3304753,,,
,514,9797599135,traffic_signals,,signal,,,,-121.8861291,37.3299663,,,
,515,9797599154,,,,,,,-121.8862613,37.3298964,,,
,516,9797599134,traffic_signals,,signal,,,,-121.8858848,37.3300925,,,
,517,9797599156,,,,,,,-121.886514,37.3297757,,,
,518,9797599149,traffic_signals,,signal,,,,-121.8826743,37.3316051,,,
,519,5288520669,,,,,,,-121.8821199,37.3318647,,,
,520,,,,,,,,-121.88,37.3269017,,,boundary node created by osm2gmns
,521,3634550899,crossing,,,,,,-121.8849023,37.3304717,,,
